playlist_id,playlist_name,playlist_position,added_at,added_by,is_local,track_id,track_uri,track_name,artist_ids,artist_names,album_id,album_name,release_date,release_date_precision,duration_ms,duration_seconds,popularity,explicit,is_playable,restriction_reason,linked_from_track_id,isrc,track_href,track_external_url
3GmuvhTvSNQSnY2CTPNRNd,Gladiator,1,2026-02-23T23:55:05Z,214f23jw73wgv4vdpcjabds2a,False,,,,,,,,,,,,,,,,,,,
3GmuvhTvSNQSnY2CTPNRNd,Gladiator,2,2026-02-23T23:55:10Z,214f23jw73wgv4vdpcjabds2a,False,,,,,,,,,,,,,,,,,,,
3GmuvhTvSNQSnY2CTPNRNd,Gladiator,3,2026-02-23T23:55:15Z,214f23jw73wgv4vdpcjabds2a,False,,,,,,,,,,,,,,,,,,,
5oGbdReSVWXnzMcr5DeeJ1,Overstimulated,1,2026-01-04T04:42:20Z,214f23jw73wgv4vdpcjabds2a,False,,,,,,,,,,,,,,,,,,,
5oGbdReSVWXnzMcr5DeeJ1,Overstimulated,2,2026-01-04T04:42:25Z,214f23jw73wgv4vdpcjabds2a,False,,,,,,,,,,,,,,,,,,,
5oGbdReSVWXnzMcr5DeeJ1,Overstimulated,3,2026-01-04T04:42:27Z,214f23jw73wgv4vdpcjabds2a,False,,,,,,,,,,,,,,,,,,,
5oGbdReSVWXnzMcr5DeeJ1,Overstimulated,4,2026-01-04T04:45:35Z,214f23jw73wgv4vdpcjabds2a,False,,,,,,,,,,,,,,,,,,,
5oGbdReSVWXnzMcr5DeeJ1,Overstimulated,5,2026-01-04T04:49:26Z,214f23jw73wgv4vdpcjabds2a,False,,,,,,,,,,,,,,,,,,,
5oGbdReSVWXnzMcr5DeeJ1,Overstimulated,6,2026-01-04T04:49:26Z,214f23jw73wgv4vdpcjabds2a,False,,,,,,,,,,,,,,,,,,,
5oGbdReSVWXnzMcr5DeeJ1,Overstimulated,7,2026-01-04T04:49:26Z,214f23jw73wgv4vdpcjabds2a,False,,,,,,,,,,,,,,,,,,,
5oGbdReSVWXnzMcr5DeeJ1,Overstimulated,8,2026-01-04T04:49:26Z,214f23jw73wgv4vdpcjabds2a,False,,,,,,,,,,,,,,,,,,,
5oGbdReSVWXnzMcr5DeeJ1,Overstimulated,9,2026-01-04T04:49:26Z,214f23jw73wgv4vdpcjabds2a,False,,,,,,,,,,,,,,,,,,,
5oGbdReSVWXnzMcr5DeeJ1,Overstimulated,10,2026-01-04T04:49:26Z,214f23jw73wgv4vdpcjabds2a,False,,,,,,,,,,,,,,,,,,,
5oGbdReSVWXnzMcr5DeeJ1,Overstimulated,11,2026-01-04T04:49:26Z,214f23jw73wgv4vdpcjabds2a,False,,,,,,,,,,,,,,,,,,,
5oGbdReSVWXnzMcr5DeeJ1,Overstimulated,12,2026-01-04T04:49:26Z,214f23jw73wgv4vdpcjabds2a,False,,,,,,,,,,,,,,,,,,,
5oGbdReSVWXnzMcr5DeeJ1,Overstimulated,13,2026-01-04T04:49:26Z,214f23jw73wgv4vdpcjabds2a,False,,,,,,,,,,,,,,,,,,,
5oGbdReSVWXnzMcr5DeeJ1,Overstimulated,14,2026-01-04T04:49:26Z,214f23jw73wgv4vdpcjabds2a,False,,,,,,,,,,,,,,,,,,,
5oGbdReSVWXnzMcr5DeeJ1,Overstimulated,15,2026-01-04T04:49:26Z,214f23jw73wgv4vdpcjabds2a,False,,,,,,,,,,,,,,,,,,,
5oGbdReSVWXnzMcr5DeeJ1,Overstimulated,16,2026-01-04T04:49:26Z,214f23jw73wgv4vdpcjabds2a,False,,,,,,,,,,,,,,,,,,,
5oGbdReSVWXnzMcr5DeeJ1,Overstimulated,17,2026-01-04T04:49:26Z,214f23jw73wgv4vdpcjabds2a,False,,,,,,,,,,,,,,,,,,,
5oGbdReSVWXnzMcr5DeeJ1,Overstimulated,18,2026-01-04T04:49:26Z,214f23jw73wgv4vdpcjabds2a,False,,,,,,,,,,,,,,,,,,,
5oGbdReSVWXnzMcr5DeeJ1,Overstimulated,19,2026-01-04T04:49:26Z,214f23jw73wgv4vdpcjabds2a,False,,,,,,,,,,,,,,,,,,,
5oGbdReSVWXnzMcr5DeeJ1,Overstimulated,20,2026-01-04T04:49:26Z,214f23jw73wgv4vdpcjabds2a,False,,,,,,,,,,,,,,,,,,,
5oGbdReSVWXnzMcr5DeeJ1,Overstimulated,21,2026-01-04T04:49:26Z,214f23jw73wgv4vdpcjabds2a,False,,,,,,,,,,,,,,,,,,,
5oGbdReSVWXnzMcr5DeeJ1,Overstimulated,22,2026-01-04T04:49:26Z,214f23jw73wgv4vdpcjabds2a,False,,,,,,,,,,,,,,,,,,,
5oGbdReSVWXnzMcr5DeeJ1,Overstimulated,23,2026-01-04T04:49:26Z,214f23jw73wgv4vdpcjabds2a,False,,,,,,,,,,,,,,,,,,,
5oGbdReSVWXnzMcr5DeeJ1,Overstimulated,24,2026-01-04T04:49:26Z,214f23jw73wgv4vdpcjabds2a,False,,,,,,,,,,,,,,,,,,,
5oGbdReSVWXnzMcr5DeeJ1,Overstimulated,25,2026-01-04T04:49:26Z,214f23jw73wgv4vdpcjabds2a,False,,,,,,,,,,,,,,,,,,,
5oGbdReSVWXnzMcr5DeeJ1,Overstimulated,26,2026-01-04T04:49:26Z,214f23jw73wgv4vdpcjabds2a,False,,,,,,,,,,,,,,,,,,,
5oGbdReSVWXnzMcr5DeeJ1,Overstimulated,27,2026-01-04T04:49:26Z,214f23jw73wgv4vdpcjabds2a,False,,,,,,,,,,,,,,,,,,,
5oGbdReSVWXnzMcr5DeeJ1,Overstimulated,28,2026-01-04T04:49:26Z,214f23jw73wgv4vdpcjabds2a,False,,,,,,,,,,,,,,,,,,,
5oGbdReSVWXnzMcr5DeeJ1,Overstimulated,29,2026-01-04T04:49:26Z,214f23jw73wgv4vdpcjabds2a,False,,,,,,,,,,,,,,,,,,,
5oGbdReSVWXnzMcr5DeeJ1,Overstimulated,30,2026-01-04T04:49:26Z,214f23jw73wgv4vdpcjabds2a,False,,,,,,,,,,,,,,,,,,,
5oGbdReSVWXnzMcr5DeeJ1,Overstimulated,31,2026-01-04T04:49:26Z,214f23jw73wgv4vdpcjabds2a,False,,,,,,,,,,,,,,,,,,,
5oGbdReSVWXnzMcr5DeeJ1,Overstimulated,32,2026-01-04T04:49:26Z,214f23jw73wgv4vdpcjabds2a,False,,,,,,,,,,,,,,,,,,,
5oGbdReSVWXnzMcr5DeeJ1,Overstimulated,33,2026-01-04T04:49:26Z,214f23jw73wgv4vdpcjabds2a,False,,,,,,,,,,,,,,,,,,,
5oGbdReSVWXnzMcr5DeeJ1,Overstimulated,34,2026-01-04T04:49:26Z,214f23jw73wgv4vdpcjabds2a,False,,,,,,,,,,,,,,,,,,,
5oGbdReSVWXnzMcr5DeeJ1,Overstimulated,35,2026-01-04T04:49:26Z,214f23jw73wgv4vdpcjabds2a,False,,,,,,,,,,,,,,,,,,,
5oGbdReSVWXnzMcr5DeeJ1,Overstimulated,36,2026-01-04T04:49:26Z,214f23jw73wgv4vdpcjabds2a,False,,,,,,,,,,,,,,,,,,,
5oGbdReSVWXnzMcr5DeeJ1,Overstimulated,37,2026-01-04T04:49:26Z,214f23jw73wgv4vdpcjabds2a,False,,,,,,,,,,,,,,,,,,,
5oGbdReSVWXnzMcr5DeeJ1,Overstimulated,38,2026-01-04T04:49:26Z,214f23jw73wgv4vdpcjabds2a,False,,,,,,,,,,,,,,,,,,,
5oGbdReSVWXnzMcr5DeeJ1,Overstimulated,39,2026-01-04T04:49:26Z,214f23jw73wgv4vdpcjabds2a,False,,,,,,,,,,,,,,,,,,,
5oGbdReSVWXnzMcr5DeeJ1,Overstimulated,40,2026-01-04T04:51:55Z,214f23jw73wgv4vdpcjabds2a,False,,,,,,,,,,,,,,,,,,,
5oGbdReSVWXnzMcr5DeeJ1,Overstimulated,41,2026-01-04T04:52:20Z,214f23jw73wgv4vdpcjabds2a,False,,,,,,,,,,,,,,,,,,,
1KGaBzVFzJysJkJ4fzvbWQ,Nic,1,2025-10-26T18:18:30Z,214f23jw73wgv4vdpcjabds2a,False,,,,,,,,,,,,,,,,,,,
1KGaBzVFzJysJkJ4fzvbWQ,Nic,2,2025-10-26T18:18:30Z,214f23jw73wgv4vdpcjabds2a,False,,,,,,,,,,,,,,,,,,,
1KGaBzVFzJysJkJ4fzvbWQ,Nic,3,2025-10-26T18:18:30Z,214f23jw73wgv4vdpcjabds2a,False,,,,,,,,,,,,,,,,,,,
1KGaBzVFzJysJkJ4fzvbWQ,Nic,4,2025-10-26T18:18:30Z,214f23jw73wgv4vdpcjabds2a,False,,,,,,,,,,,,,,,,,,,
1KGaBzVFzJysJkJ4fzvbWQ,Nic,5,2025-10-26T18:18:30Z,214f23jw73wgv4vdpcjabds2a,False,,,,,,,,,,,,,,,,,,,
1KGaBzVFzJysJkJ4fzvbWQ,Nic,6,2025-10-26T18:18:30Z,214f23jw73wgv4vdpcjabds2a,False,,,,,,,,,,,,,,,,,,,
1KGaBzVFzJysJkJ4fzvbWQ,Nic,7,2025-10-26T18:18:30Z,214f23jw73wgv4vdpcjabds2a,False,,,,,,,,,,,,,,,,,,,
1KGaBzVFzJysJkJ4fzvbWQ,Nic,8,2025-10-26T18:18:30Z,214f23jw73wgv4vdpcjabds2a,False,,,,,,,,,,,,,,,,,,,
1KGaBzVFzJysJkJ4fzvbWQ,Nic,9,2025-10-26T18:18:30Z,214f23jw73wgv4vdpcjabds2a,False,,,,,,,,,,,,,,,,,,,
1KGaBzVFzJysJkJ4fzvbWQ,Nic,10,2025-10-26T18:18:30Z,214f23jw73wgv4vdpcjabds2a,False,,,,,,,,,,,,,,,,,,,
1KGaBzVFzJysJkJ4fzvbWQ,Nic,11,2025-10-26T18:18:30Z,214f23jw73wgv4vdpcjabds2a,False,,,,,,,,,,,,,,,,,,,
1KGaBzVFzJysJkJ4fzvbWQ,Nic,12,2025-10-26T18:18:30Z,214f23jw73wgv4vdpcjabds2a,False,,,,,,,,,,,,,,,,,,,
1KGaBzVFzJysJkJ4fzvbWQ,Nic,13,2025-10-26T18:18:30Z,214f23jw73wgv4vdpcjabds2a,False,,,,,,,,,,,,,,,,,,,
1KGaBzVFzJysJkJ4fzvbWQ,Nic,14,2025-10-26T18:18:30Z,214f23jw73wgv4vdpcjabds2a,False,,,,,,,,,,,,,,,,,,,
1KGaBzVFzJysJkJ4fzvbWQ,Nic,15,2025-10-26T18:18:30Z,214f23jw73wgv4vdpcjabds2a,False,,,,,,,,,,,,,,,,,,,
1KGaBzVFzJysJkJ4fzvbWQ,Nic,16,2025-10-26T18:18:30Z,214f23jw73wgv4vdpcjabds2a,False,,,,,,,,,,,,,,,,,,,
1KGaBzVFzJysJkJ4fzvbWQ,Nic,17,2025-10-26T18:18:30Z,214f23jw73wgv4vdpcjabds2a,False,,,,,,,,,,,,,,,,,,,
1KGaBzVFzJysJkJ4fzvbWQ,Nic,18,2025-10-26T18:18:30Z,214f23jw73wgv4vdpcjabds2a,False,,,,,,,,,,,,,,,,,,,
1KGaBzVFzJysJkJ4fzvbWQ,Nic,19,2025-10-26T18:18:30Z,214f23jw73wgv4vdpcjabds2a,False,,,,,,,,,,,,,,,,,,,
1KGaBzVFzJysJkJ4fzvbWQ,Nic,20,2025-10-26T18:18:30Z,214f23jw73wgv4vdpcjabds2a,False,,,,,,,,,,,,,,,,,,,
1KGaBzVFzJysJkJ4fzvbWQ,Nic,21,2025-10-26T18:18:30Z,214f23jw73wgv4vdpcjabds2a,False,,,,,,,,,,,,,,,,,,,
1KGaBzVFzJysJkJ4fzvbWQ,Nic,22,2025-10-26T18:18:30Z,214f23jw73wgv4vdpcjabds2a,False,,,,,,,,,,,,,,,,,,,
1KGaBzVFzJysJkJ4fzvbWQ,Nic,23,2025-10-26T18:18:30Z,214f23jw73wgv4vdpcjabds2a,False,,,,,,,,,,,,,,,,,,,
1KGaBzVFzJysJkJ4fzvbWQ,Nic,24,2025-10-26T18:18:30Z,214f23jw73wgv4vdpcjabds2a,False,,,,,,,,,,,,,,,,,,,
1KGaBzVFzJysJkJ4fzvbWQ,Nic,25,2025-10-26T18:18:30Z,214f23jw73wgv4vdpcjabds2a,False,,,,,,,,,,,,,,,,,,,
1KGaBzVFzJysJkJ4fzvbWQ,Nic,26,2025-10-26T18:18:30Z,214f23jw73wgv4vdpcjabds2a,False,,,,,,,,,,,,,,,,,,,
1KGaBzVFzJysJkJ4fzvbWQ,Nic,27,2025-10-26T18:18:30Z,214f23jw73wgv4vdpcjabds2a,False,,,,,,,,,,,,,,,,,,,
1KGaBzVFzJysJkJ4fzvbWQ,Nic,28,2025-10-26T18:18:30Z,214f23jw73wgv4vdpcjabds2a,False,,,,,,,,,,,,,,,,,,,
1KGaBzVFzJysJkJ4fzvbWQ,Nic,29,2025-10-26T18:18:30Z,214f23jw73wgv4vdpcjabds2a,False,,,,,,,,,,,,,,,,,,,
1KGaBzVFzJysJkJ4fzvbWQ,Nic,30,2025-10-26T18:18:30Z,214f23jw73wgv4vdpcjabds2a,False,,,,,,,,,,,,,,,,,,,
1KGaBzVFzJysJkJ4fzvbWQ,Nic,31,2025-10-26T18:18:30Z,214f23jw73wgv4vdpcjabds2a,False,,,,,,,,,,,,,,,,,,,
1KGaBzVFzJysJkJ4fzvbWQ,Nic,32,2025-10-26T18:18:30Z,214f23jw73wgv4vdpcjabds2a,False,,,,,,,,,,,,,,,,,,,
1KGaBzVFzJysJkJ4fzvbWQ,Nic,33,2025-10-26T18:18:30Z,214f23jw73wgv4vdpcjabds2a,False,,,,,,,,,,,,,,,,,,,
1KGaBzVFzJysJkJ4fzvbWQ,Nic,34,2025-10-26T18:18:30Z,214f23jw73wgv4vdpcjabds2a,False,,,,,,,,,,,,,,,,,,,
1KGaBzVFzJysJkJ4fzvbWQ,Nic,35,2025-10-26T18:18:30Z,214f23jw73wgv4vdpcjabds2a,False,,,,,,,,,,,,,,,,,,,
1KGaBzVFzJysJkJ4fzvbWQ,Nic,36,2025-10-26T18:18:30Z,214f23jw73wgv4vdpcjabds2a,False,,,,,,,,,,,,,,,,,,,
1KGaBzVFzJysJkJ4fzvbWQ,Nic,37,2025-10-26T18:18:30Z,214f23jw73wgv4vdpcjabds2a,False,,,,,,,,,,,,,,,,,,,
1KGaBzVFzJysJkJ4fzvbWQ,Nic,38,2025-10-26T18:18:30Z,214f23jw73wgv4vdpcjabds2a,False,,,,,,,,,,,,,,,,,,,
1KGaBzVFzJysJkJ4fzvbWQ,Nic,39,2025-10-26T18:18:30Z,214f23jw73wgv4vdpcjabds2a,False,,,,,,,,,,,,,,,,,,,
1KGaBzVFzJysJkJ4fzvbWQ,Nic,40,2025-10-26T18:18:30Z,214f23jw73wgv4vdpcjabds2a,False,,,,,,,,,,,,,,,,,,,
1KGaBzVFzJysJkJ4fzvbWQ,Nic,41,2025-10-26T18:18:30Z,214f23jw73wgv4vdpcjabds2a,False,,,,,,,,,,,,,,,,,,,
1KGaBzVFzJysJkJ4fzvbWQ,Nic,42,2025-10-26T18:18:30Z,214f23jw73wgv4vdpcjabds2a,False,,,,,,,,,,,,,,,,,,,
1KGaBzVFzJysJkJ4fzvbWQ,Nic,43,2025-10-26T18:18:30Z,214f23jw73wgv4vdpcjabds2a,False,,,,,,,,,,,,,,,,,,,
1KGaBzVFzJysJkJ4fzvbWQ,Nic,44,2025-10-26T18:18:30Z,214f23jw73wgv4vdpcjabds2a,False,,,,,,,,,,,,,,,,,,,
1KGaBzVFzJysJkJ4fzvbWQ,Nic,45,2025-10-26T18:18:30Z,214f23jw73wgv4vdpcjabds2a,False,,,,,,,,,,,,,,,,,,,
1KGaBzVFzJysJkJ4fzvbWQ,Nic,46,2025-10-26T18:18:30Z,214f23jw73wgv4vdpcjabds2a,False,,,,,,,,,,,,,,,,,,,
1KGaBzVFzJysJkJ4fzvbWQ,Nic,47,2025-10-26T18:18:30Z,214f23jw73wgv4vdpcjabds2a,False,,,,,,,,,,,,,,,,,,,
1KGaBzVFzJysJkJ4fzvbWQ,Nic,48,2025-10-26T18:18:30Z,214f23jw73wgv4vdpcjabds2a,False,,,,,,,,,,,,,,,,,,,
1KGaBzVFzJysJkJ4fzvbWQ,Nic,49,2025-10-26T18:18:30Z,214f23jw73wgv4vdpcjabds2a,False,,,,,,,,,,,,,,,,,,,
1KGaBzVFzJysJkJ4fzvbWQ,Nic,50,2025-10-26T18:18:30Z,214f23jw73wgv4vdpcjabds2a,False,,,,,,,,,,,,,,,,,,,
1KGaBzVFzJysJkJ4fzvbWQ,Nic,51,2025-10-26T18:18:30Z,214f23jw73wgv4vdpcjabds2a,False,,,,,,,,,,,,,,,,,,,
1KGaBzVFzJysJkJ4fzvbWQ,Nic,52,2025-10-26T18:18:30Z,214f23jw73wgv4vdpcjabds2a,False,,,,,,,,,,,,,,,,,,,
1KGaBzVFzJysJkJ4fzvbWQ,Nic,53,2025-10-26T18:18:30Z,214f23jw73wgv4vdpcjabds2a,False,,,,,,,,,,,,,,,,,,,
1KGaBzVFzJysJkJ4fzvbWQ,Nic,54,2025-10-26T18:18:30Z,214f23jw73wgv4vdpcjabds2a,False,,,,,,,,,,,,,,,,,,,
1KGaBzVFzJysJkJ4fzvbWQ,Nic,55,2025-10-26T18:18:30Z,214f23jw73wgv4vdpcjabds2a,False,,,,,,,,,,,,,,,,,,,
1KGaBzVFzJysJkJ4fzvbWQ,Nic,56,2025-10-26T18:18:30Z,214f23jw73wgv4vdpcjabds2a,False,,,,,,,,,,,,,,,,,,,
1KGaBzVFzJysJkJ4fzvbWQ,Nic,57,2025-10-26T18:18:30Z,214f23jw73wgv4vdpcjabds2a,False,,,,,,,,,,,,,,,,,,,
1KGaBzVFzJysJkJ4fzvbWQ,Nic,58,2025-10-26T18:18:30Z,214f23jw73wgv4vdpcjabds2a,False,,,,,,,,,,,,,,,,,,,
1KGaBzVFzJysJkJ4fzvbWQ,Nic,59,2025-10-26T18:18:30Z,214f23jw73wgv4vdpcjabds2a,False,,,,,,,,,,,,,,,,,,,
1KGaBzVFzJysJkJ4fzvbWQ,Nic,60,2025-10-26T18:18:30Z,214f23jw73wgv4vdpcjabds2a,False,,,,,,,,,,,,,,,,,,,
1KGaBzVFzJysJkJ4fzvbWQ,Nic,61,2025-10-26T18:18:30Z,214f23jw73wgv4vdpcjabds2a,False,,,,,,,,,,,,,,,,,,,
1KGaBzVFzJysJkJ4fzvbWQ,Nic,62,2025-10-26T18:18:30Z,214f23jw73wgv4vdpcjabds2a,False,,,,,,,,,,,,,,,,,,,
1KGaBzVFzJysJkJ4fzvbWQ,Nic,63,2025-10-26T18:18:30Z,214f23jw73wgv4vdpcjabds2a,False,,,,,,,,,,,,,,,,,,,
1KGaBzVFzJysJkJ4fzvbWQ,Nic,64,2025-10-26T18:18:30Z,214f23jw73wgv4vdpcjabds2a,False,,,,,,,,,,,,,,,,,,,
1KGaBzVFzJysJkJ4fzvbWQ,Nic,65,2025-10-26T18:18:30Z,214f23jw73wgv4vdpcjabds2a,False,,,,,,,,,,,,,,,,,,,
1KGaBzVFzJysJkJ4fzvbWQ,Nic,66,2025-10-26T18:18:30Z,214f23jw73wgv4vdpcjabds2a,False,,,,,,,,,,,,,,,,,,,
1KGaBzVFzJysJkJ4fzvbWQ,Nic,67,2025-10-26T18:18:30Z,214f23jw73wgv4vdpcjabds2a,False,,,,,,,,,,,,,,,,,,,
1KGaBzVFzJysJkJ4fzvbWQ,Nic,68,2025-10-26T18:18:30Z,214f23jw73wgv4vdpcjabds2a,False,,,,,,,,,,,,,,,,,,,
1KGaBzVFzJysJkJ4fzvbWQ,Nic,69,2025-10-26T18:18:30Z,214f23jw73wgv4vdpcjabds2a,False,,,,,,,,,,,,,,,,,,,
1KGaBzVFzJysJkJ4fzvbWQ,Nic,70,2025-10-26T18:18:30Z,214f23jw73wgv4vdpcjabds2a,False,,,,,,,,,,,,,,,,,,,
1KGaBzVFzJysJkJ4fzvbWQ,Nic,71,2025-10-26T18:18:30Z,214f23jw73wgv4vdpcjabds2a,False,,,,,,,,,,,,,,,,,,,
1KGaBzVFzJysJkJ4fzvbWQ,Nic,72,2025-10-26T18:18:30Z,214f23jw73wgv4vdpcjabds2a,False,,,,,,,,,,,,,,,,,,,
1KGaBzVFzJysJkJ4fzvbWQ,Nic,73,2025-10-26T18:18:30Z,214f23jw73wgv4vdpcjabds2a,False,,,,,,,,,,,,,,,,,,,
1KGaBzVFzJysJkJ4fzvbWQ,Nic,74,2025-10-26T18:18:30Z,214f23jw73wgv4vdpcjabds2a,False,,,,,,,,,,,,,,,,,,,
1KGaBzVFzJysJkJ4fzvbWQ,Nic,75,2025-10-26T18:18:30Z,214f23jw73wgv4vdpcjabds2a,False,,,,,,,,,,,,,,,,,,,
1KGaBzVFzJysJkJ4fzvbWQ,Nic,76,2025-10-26T18:18:30Z,214f23jw73wgv4vdpcjabds2a,False,,,,,,,,,,,,,,,,,,,
1KGaBzVFzJysJkJ4fzvbWQ,Nic,77,2025-10-26T18:18:30Z,214f23jw73wgv4vdpcjabds2a,False,,,,,,,,,,,,,,,,,,,
1KGaBzVFzJysJkJ4fzvbWQ,Nic,78,2025-10-26T18:18:30Z,214f23jw73wgv4vdpcjabds2a,False,,,,,,,,,,,,,,,,,,,
1KGaBzVFzJysJkJ4fzvbWQ,Nic,79,2025-10-26T18:18:30Z,214f23jw73wgv4vdpcjabds2a,False,,,,,,,,,,,,,,,,,,,
1KGaBzVFzJysJkJ4fzvbWQ,Nic,80,2025-10-26T18:18:30Z,214f23jw73wgv4vdpcjabds2a,False,,,,,,,,,,,,,,,,,,,
1KGaBzVFzJysJkJ4fzvbWQ,Nic,81,2025-10-26T18:18:30Z,214f23jw73wgv4vdpcjabds2a,False,,,,,,,,,,,,,,,,,,,
1KGaBzVFzJysJkJ4fzvbWQ,Nic,82,2025-10-26T18:18:30Z,214f23jw73wgv4vdpcjabds2a,False,,,,,,,,,,,,,,,,,,,
1KGaBzVFzJysJkJ4fzvbWQ,Nic,83,2025-10-26T18:18:30Z,214f23jw73wgv4vdpcjabds2a,False,,,,,,,,,,,,,,,,,,,
1KGaBzVFzJysJkJ4fzvbWQ,Nic,84,2025-10-26T18:18:30Z,214f23jw73wgv4vdpcjabds2a,False,,,,,,,,,,,,,,,,,,,
1KGaBzVFzJysJkJ4fzvbWQ,Nic,85,2025-10-26T18:18:30Z,214f23jw73wgv4vdpcjabds2a,False,,,,,,,,,,,,,,,,,,,
1KGaBzVFzJysJkJ4fzvbWQ,Nic,86,2025-10-26T18:18:30Z,214f23jw73wgv4vdpcjabds2a,False,,,,,,,,,,,,,,,,,,,
0phNRuofdBmYCZUR4E46QI,Vol2,1,2025-07-30T14:35:49Z,214f23jw73wgv4vdpcjabds2a,False,,,,,,,,,,,,,,,,,,,
0phNRuofdBmYCZUR4E46QI,Vol2,2,2025-07-30T14:35:49Z,214f23jw73wgv4vdpcjabds2a,False,,,,,,,,,,,,,,,,,,,
0phNRuofdBmYCZUR4E46QI,Vol2,3,2025-07-30T14:35:49Z,214f23jw73wgv4vdpcjabds2a,False,,,,,,,,,,,,,,,,,,,
0phNRuofdBmYCZUR4E46QI,Vol2,4,2025-07-30T14:35:49Z,214f23jw73wgv4vdpcjabds2a,False,,,,,,,,,,,,,,,,,,,
0phNRuofdBmYCZUR4E46QI,Vol2,5,2025-07-30T14:35:49Z,214f23jw73wgv4vdpcjabds2a,False,,,,,,,,,,,,,,,,,,,
0phNRuofdBmYCZUR4E46QI,Vol2,6,2025-07-30T14:35:49Z,214f23jw73wgv4vdpcjabds2a,False,,,,,,,,,,,,,,,,,,,
0phNRuofdBmYCZUR4E46QI,Vol2,7,2025-07-30T14:35:49Z,214f23jw73wgv4vdpcjabds2a,False,,,,,,,,,,,,,,,,,,,
0phNRuofdBmYCZUR4E46QI,Vol2,8,2025-07-30T14:35:49Z,214f23jw73wgv4vdpcjabds2a,False,,,,,,,,,,,,,,,,,,,
0phNRuofdBmYCZUR4E46QI,Vol2,9,2025-07-30T14:35:49Z,214f23jw73wgv4vdpcjabds2a,False,,,,,,,,,,,,,,,,,,,
0phNRuofdBmYCZUR4E46QI,Vol2,10,2025-07-30T14:35:49Z,214f23jw73wgv4vdpcjabds2a,False,,,,,,,,,,,,,,,,,,,
0phNRuofdBmYCZUR4E46QI,Vol2,11,2025-07-30T14:35:49Z,214f23jw73wgv4vdpcjabds2a,False,,,,,,,,,,,,,,,,,,,
0phNRuofdBmYCZUR4E46QI,Vol2,12,2025-07-30T14:35:49Z,214f23jw73wgv4vdpcjabds2a,False,,,,,,,,,,,,,,,,,,,
0phNRuofdBmYCZUR4E46QI,Vol2,13,2025-07-30T14:35:49Z,214f23jw73wgv4vdpcjabds2a,False,,,,,,,,,,,,,,,,,,,
0phNRuofdBmYCZUR4E46QI,Vol2,14,2025-07-30T14:35:49Z,214f23jw73wgv4vdpcjabds2a,False,,,,,,,,,,,,,,,,,,,
0phNRuofdBmYCZUR4E46QI,Vol2,15,2025-07-30T14:35:49Z,214f23jw73wgv4vdpcjabds2a,False,,,,,,,,,,,,,,,,,,,
0phNRuofdBmYCZUR4E46QI,Vol2,16,2025-07-30T14:35:49Z,214f23jw73wgv4vdpcjabds2a,False,,,,,,,,,,,,,,,,,,,
0phNRuofdBmYCZUR4E46QI,Vol2,17,2025-07-30T14:35:49Z,214f23jw73wgv4vdpcjabds2a,False,,,,,,,,,,,,,,,,,,,
0phNRuofdBmYCZUR4E46QI,Vol2,18,2025-07-30T14:35:49Z,214f23jw73wgv4vdpcjabds2a,False,,,,,,,,,,,,,,,,,,,
0phNRuofdBmYCZUR4E46QI,Vol2,19,2025-07-30T14:35:49Z,214f23jw73wgv4vdpcjabds2a,False,,,,,,,,,,,,,,,,,,,
0phNRuofdBmYCZUR4E46QI,Vol2,20,2025-07-30T14:35:49Z,214f23jw73wgv4vdpcjabds2a,False,,,,,,,,,,,,,,,,,,,
0phNRuofdBmYCZUR4E46QI,Vol2,21,2025-07-30T14:35:49Z,214f23jw73wgv4vdpcjabds2a,False,,,,,,,,,,,,,,,,,,,
0phNRuofdBmYCZUR4E46QI,Vol2,22,2025-07-30T14:35:49Z,214f23jw73wgv4vdpcjabds2a,False,,,,,,,,,,,,,,,,,,,
0phNRuofdBmYCZUR4E46QI,Vol2,23,2025-07-30T14:35:49Z,214f23jw73wgv4vdpcjabds2a,False,,,,,,,,,,,,,,,,,,,
0phNRuofdBmYCZUR4E46QI,Vol2,24,2025-07-30T14:35:49Z,214f23jw73wgv4vdpcjabds2a,False,,,,,,,,,,,,,,,,,,,
0phNRuofdBmYCZUR4E46QI,Vol2,25,2025-07-30T14:35:49Z,214f23jw73wgv4vdpcjabds2a,False,,,,,,,,,,,,,,,,,,,
0phNRuofdBmYCZUR4E46QI,Vol2,26,2025-07-30T14:35:49Z,214f23jw73wgv4vdpcjabds2a,False,,,,,,,,,,,,,,,,,,,
0phNRuofdBmYCZUR4E46QI,Vol2,27,2025-07-30T14:35:49Z,214f23jw73wgv4vdpcjabds2a,False,,,,,,,,,,,,,,,,,,,
0phNRuofdBmYCZUR4E46QI,Vol2,28,2025-07-30T14:35:49Z,214f23jw73wgv4vdpcjabds2a,False,,,,,,,,,,,,,,,,,,,
0phNRuofdBmYCZUR4E46QI,Vol2,29,2025-07-30T14:35:49Z,214f23jw73wgv4vdpcjabds2a,False,,,,,,,,,,,,,,,,,,,
0phNRuofdBmYCZUR4E46QI,Vol2,30,2025-07-30T14:35:49Z,214f23jw73wgv4vdpcjabds2a,False,,,,,,,,,,,,,,,,,,,
0phNRuofdBmYCZUR4E46QI,Vol2,31,2025-07-30T14:35:49Z,214f23jw73wgv4vdpcjabds2a,False,,,,,,,,,,,,,,,,,,,
0phNRuofdBmYCZUR4E46QI,Vol2,32,2025-07-30T14:35:49Z,214f23jw73wgv4vdpcjabds2a,False,,,,,,,,,,,,,,,,,,,
0phNRuofdBmYCZUR4E46QI,Vol2,33,2025-07-30T14:35:49Z,214f23jw73wgv4vdpcjabds2a,False,,,,,,,,,,,,,,,,,,,
0phNRuofdBmYCZUR4E46QI,Vol2,34,2025-07-30T14:35:49Z,214f23jw73wgv4vdpcjabds2a,False,,,,,,,,,,,,,,,,,,,
0phNRuofdBmYCZUR4E46QI,Vol2,35,2025-07-30T14:35:49Z,214f23jw73wgv4vdpcjabds2a,False,,,,,,,,,,,,,,,,,,,
0phNRuofdBmYCZUR4E46QI,Vol2,36,2025-07-30T14:35:49Z,214f23jw73wgv4vdpcjabds2a,False,,,,,,,,,,,,,,,,,,,
0phNRuofdBmYCZUR4E46QI,Vol2,37,2025-07-30T14:35:49Z,214f23jw73wgv4vdpcjabds2a,False,,,,,,,,,,,,,,,,,,,
0phNRuofdBmYCZUR4E46QI,Vol2,38,2025-07-30T14:35:49Z,214f23jw73wgv4vdpcjabds2a,False,,,,,,,,,,,,,,,,,,,
0phNRuofdBmYCZUR4E46QI,Vol2,39,2025-07-30T14:35:49Z,214f23jw73wgv4vdpcjabds2a,False,,,,,,,,,,,,,,,,,,,
0phNRuofdBmYCZUR4E46QI,Vol2,40,2025-07-30T14:35:49Z,214f23jw73wgv4vdpcjabds2a,False,,,,,,,,,,,,,,,,,,,
0phNRuofdBmYCZUR4E46QI,Vol2,41,2025-07-30T14:35:49Z,214f23jw73wgv4vdpcjabds2a,False,,,,,,,,,,,,,,,,,,,
0phNRuofdBmYCZUR4E46QI,Vol2,42,2025-07-30T14:35:49Z,214f23jw73wgv4vdpcjabds2a,False,,,,,,,,,,,,,,,,,,,
0phNRuofdBmYCZUR4E46QI,Vol2,43,2025-07-30T14:35:49Z,214f23jw73wgv4vdpcjabds2a,False,,,,,,,,,,,,,,,,,,,
0phNRuofdBmYCZUR4E46QI,Vol2,44,2025-07-30T14:35:49Z,214f23jw73wgv4vdpcjabds2a,False,,,,,,,,,,,,,,,,,,,
0phNRuofdBmYCZUR4E46QI,Vol2,45,2025-07-30T14:35:49Z,214f23jw73wgv4vdpcjabds2a,False,,,,,,,,,,,,,,,,,,,
0phNRuofdBmYCZUR4E46QI,Vol2,46,2025-07-30T14:35:49Z,214f23jw73wgv4vdpcjabds2a,False,,,,,,,,,,,,,,,,,,,
0phNRuofdBmYCZUR4E46QI,Vol2,47,2025-07-30T14:35:49Z,214f23jw73wgv4vdpcjabds2a,False,,,,,,,,,,,,,,,,,,,
0phNRuofdBmYCZUR4E46QI,Vol2,48,2025-07-30T14:35:49Z,214f23jw73wgv4vdpcjabds2a,False,,,,,,,,,,,,,,,,,,,
0phNRuofdBmYCZUR4E46QI,Vol2,49,2025-07-30T14:35:49Z,214f23jw73wgv4vdpcjabds2a,False,,,,,,,,,,,,,,,,,,,
34z2LhbkzVZ59EsvDWqq40,Indie,1,2025-06-24T08:18:38Z,214f23jw73wgv4vdpcjabds2a,False,,,,,,,,,,,,,,,,,,,
34z2LhbkzVZ59EsvDWqq40,Indie,2,2025-06-24T08:18:38Z,214f23jw73wgv4vdpcjabds2a,False,,,,,,,,,,,,,,,,,,,
34z2LhbkzVZ59EsvDWqq40,Indie,3,2025-06-24T08:18:38Z,214f23jw73wgv4vdpcjabds2a,False,,,,,,,,,,,,,,,,,,,
34z2LhbkzVZ59EsvDWqq40,Indie,4,2025-06-24T08:18:38Z,214f23jw73wgv4vdpcjabds2a,False,,,,,,,,,,,,,,,,,,,
34z2LhbkzVZ59EsvDWqq40,Indie,5,2025-06-24T08:18:38Z,214f23jw73wgv4vdpcjabds2a,False,,,,,,,,,,,,,,,,,,,
34z2LhbkzVZ59EsvDWqq40,Indie,6,2025-06-24T08:18:38Z,214f23jw73wgv4vdpcjabds2a,False,,,,,,,,,,,,,,,,,,,
34z2LhbkzVZ59EsvDWqq40,Indie,7,2025-06-24T08:18:38Z,214f23jw73wgv4vdpcjabds2a,False,,,,,,,,,,,,,,,,,,,
34z2LhbkzVZ59EsvDWqq40,Indie,8,2025-06-24T08:18:38Z,214f23jw73wgv4vdpcjabds2a,False,,,,,,,,,,,,,,,,,,,
34z2LhbkzVZ59EsvDWqq40,Indie,9,2025-06-24T08:18:38Z,214f23jw73wgv4vdpcjabds2a,False,,,,,,,,,,,,,,,,,,,
34z2LhbkzVZ59EsvDWqq40,Indie,10,2025-06-24T08:18:38Z,214f23jw73wgv4vdpcjabds2a,False,,,,,,,,,,,,,,,,,,,
34z2LhbkzVZ59EsvDWqq40,Indie,11,2025-06-24T08:18:38Z,214f23jw73wgv4vdpcjabds2a,False,,,,,,,,,,,,,,,,,,,
34z2LhbkzVZ59EsvDWqq40,Indie,12,2025-06-24T08:18:38Z,214f23jw73wgv4vdpcjabds2a,False,,,,,,,,,,,,,,,,,,,
34z2LhbkzVZ59EsvDWqq40,Indie,13,2025-06-24T08:18:38Z,214f23jw73wgv4vdpcjabds2a,False,,,,,,,,,,,,,,,,,,,
34z2LhbkzVZ59EsvDWqq40,Indie,14,2025-06-24T08:18:38Z,214f23jw73wgv4vdpcjabds2a,False,,,,,,,,,,,,,,,,,,,
34z2LhbkzVZ59EsvDWqq40,Indie,15,2025-06-24T08:18:38Z,214f23jw73wgv4vdpcjabds2a,False,,,,,,,,,,,,,,,,,,,
34z2LhbkzVZ59EsvDWqq40,Indie,16,2025-06-24T08:18:38Z,214f23jw73wgv4vdpcjabds2a,False,,,,,,,,,,,,,,,,,,,
34z2LhbkzVZ59EsvDWqq40,Indie,17,2025-06-24T08:18:38Z,214f23jw73wgv4vdpcjabds2a,False,,,,,,,,,,,,,,,,,,,
34z2LhbkzVZ59EsvDWqq40,Indie,18,2025-06-24T08:18:38Z,214f23jw73wgv4vdpcjabds2a,False,,,,,,,,,,,,,,,,,,,
34z2LhbkzVZ59EsvDWqq40,Indie,19,2025-06-24T08:18:38Z,214f23jw73wgv4vdpcjabds2a,False,,,,,,,,,,,,,,,,,,,
34z2LhbkzVZ59EsvDWqq40,Indie,20,2025-06-24T08:18:38Z,214f23jw73wgv4vdpcjabds2a,False,,,,,,,,,,,,,,,,,,,
34z2LhbkzVZ59EsvDWqq40,Indie,21,2025-06-24T08:18:38Z,214f23jw73wgv4vdpcjabds2a,False,,,,,,,,,,,,,,,,,,,
34z2LhbkzVZ59EsvDWqq40,Indie,22,2025-06-24T08:18:38Z,214f23jw73wgv4vdpcjabds2a,False,,,,,,,,,,,,,,,,,,,
34z2LhbkzVZ59EsvDWqq40,Indie,23,2025-06-24T08:18:38Z,214f23jw73wgv4vdpcjabds2a,False,,,,,,,,,,,,,,,,,,,
34z2LhbkzVZ59EsvDWqq40,Indie,24,2025-06-24T08:18:38Z,214f23jw73wgv4vdpcjabds2a,False,,,,,,,,,,,,,,,,,,,
34z2LhbkzVZ59EsvDWqq40,Indie,25,2025-06-24T08:18:38Z,214f23jw73wgv4vdpcjabds2a,False,,,,,,,,,,,,,,,,,,,
34z2LhbkzVZ59EsvDWqq40,Indie,26,2025-06-24T08:18:38Z,214f23jw73wgv4vdpcjabds2a,False,,,,,,,,,,,,,,,,,,,
34z2LhbkzVZ59EsvDWqq40,Indie,27,2025-06-24T08:18:38Z,214f23jw73wgv4vdpcjabds2a,False,,,,,,,,,,,,,,,,,,,
34z2LhbkzVZ59EsvDWqq40,Indie,28,2025-06-24T08:18:38Z,214f23jw73wgv4vdpcjabds2a,False,,,,,,,,,,,,,,,,,,,
34z2LhbkzVZ59EsvDWqq40,Indie,29,2025-06-24T08:18:38Z,214f23jw73wgv4vdpcjabds2a,False,,,,,,,,,,,,,,,,,,,
34z2LhbkzVZ59EsvDWqq40,Indie,30,2025-06-24T08:18:38Z,214f23jw73wgv4vdpcjabds2a,False,,,,,,,,,,,,,,,,,,,
34z2LhbkzVZ59EsvDWqq40,Indie,31,2025-06-24T08:18:38Z,214f23jw73wgv4vdpcjabds2a,False,,,,,,,,,,,,,,,,,,,
34z2LhbkzVZ59EsvDWqq40,Indie,32,2025-06-24T08:18:38Z,214f23jw73wgv4vdpcjabds2a,False,,,,,,,,,,,,,,,,,,,
34z2LhbkzVZ59EsvDWqq40,Indie,33,2025-06-24T08:18:38Z,214f23jw73wgv4vdpcjabds2a,False,,,,,,,,,,,,,,,,,,,
34z2LhbkzVZ59EsvDWqq40,Indie,34,2025-06-24T08:18:38Z,214f23jw73wgv4vdpcjabds2a,False,,,,,,,,,,,,,,,,,,,
34z2LhbkzVZ59EsvDWqq40,Indie,35,2025-06-24T08:18:38Z,214f23jw73wgv4vdpcjabds2a,False,,,,,,,,,,,,,,,,,,,
34z2LhbkzVZ59EsvDWqq40,Indie,36,2025-06-24T08:18:38Z,214f23jw73wgv4vdpcjabds2a,False,,,,,,,,,,,,,,,,,,,
34z2LhbkzVZ59EsvDWqq40,Indie,37,2025-06-24T08:18:38Z,214f23jw73wgv4vdpcjabds2a,False,,,,,,,,,,,,,,,,,,,
34z2LhbkzVZ59EsvDWqq40,Indie,38,2025-06-24T08:18:38Z,214f23jw73wgv4vdpcjabds2a,False,,,,,,,,,,,,,,,,,,,
34z2LhbkzVZ59EsvDWqq40,Indie,39,2025-06-24T08:18:38Z,214f23jw73wgv4vdpcjabds2a,False,,,,,,,,,,,,,,,,,,,
34z2LhbkzVZ59EsvDWqq40,Indie,40,2025-06-24T08:18:38Z,214f23jw73wgv4vdpcjabds2a,False,,,,,,,,,,,,,,,,,,,
34z2LhbkzVZ59EsvDWqq40,Indie,41,2025-06-24T08:18:38Z,214f23jw73wgv4vdpcjabds2a,False,,,,,,,,,,,,,,,,,,,
34z2LhbkzVZ59EsvDWqq40,Indie,42,2025-06-24T08:18:38Z,214f23jw73wgv4vdpcjabds2a,False,,,,,,,,,,,,,,,,,,,
34z2LhbkzVZ59EsvDWqq40,Indie,43,2025-06-24T08:18:38Z,214f23jw73wgv4vdpcjabds2a,False,,,,,,,,,,,,,,,,,,,
34z2LhbkzVZ59EsvDWqq40,Indie,44,2025-06-24T08:18:38Z,214f23jw73wgv4vdpcjabds2a,False,,,,,,,,,,,,,,,,,,,
34z2LhbkzVZ59EsvDWqq40,Indie,45,2025-06-24T08:18:38Z,214f23jw73wgv4vdpcjabds2a,False,,,,,,,,,,,,,,,,,,,
34z2LhbkzVZ59EsvDWqq40,Indie,46,2025-06-24T08:18:38Z,214f23jw73wgv4vdpcjabds2a,False,,,,,,,,,,,,,,,,,,,
34z2LhbkzVZ59EsvDWqq40,Indie,47,2025-06-24T08:18:38Z,214f23jw73wgv4vdpcjabds2a,False,,,,,,,,,,,,,,,,,,,
34z2LhbkzVZ59EsvDWqq40,Indie,48,2025-06-24T08:18:38Z,214f23jw73wgv4vdpcjabds2a,False,,,,,,,,,,,,,,,,,,,
34z2LhbkzVZ59EsvDWqq40,Indie,49,2025-06-24T08:18:38Z,214f23jw73wgv4vdpcjabds2a,False,,,,,,,,,,,,,,,,,,,
34z2LhbkzVZ59EsvDWqq40,Indie,50,2025-06-24T08:18:38Z,214f23jw73wgv4vdpcjabds2a,False,,,,,,,,,,,,,,,,,,,
5F37qnyuLrUebASpqWD12d,Jumpstyle,1,2025-06-16T10:16:39Z,214f23jw73wgv4vdpcjabds2a,False,,,,,,,,,,,,,,,,,,,
5F37qnyuLrUebASpqWD12d,Jumpstyle,2,2025-06-16T10:16:39Z,214f23jw73wgv4vdpcjabds2a,False,,,,,,,,,,,,,,,,,,,
5F37qnyuLrUebASpqWD12d,Jumpstyle,3,2025-06-16T10:16:39Z,214f23jw73wgv4vdpcjabds2a,False,,,,,,,,,,,,,,,,,,,
5F37qnyuLrUebASpqWD12d,Jumpstyle,4,2025-06-16T10:16:39Z,214f23jw73wgv4vdpcjabds2a,False,,,,,,,,,,,,,,,,,,,
5F37qnyuLrUebASpqWD12d,Jumpstyle,5,2025-06-16T10:16:39Z,214f23jw73wgv4vdpcjabds2a,False,,,,,,,,,,,,,,,,,,,
5F37qnyuLrUebASpqWD12d,Jumpstyle,6,2025-06-16T10:16:39Z,214f23jw73wgv4vdpcjabds2a,False,,,,,,,,,,,,,,,,,,,
5F37qnyuLrUebASpqWD12d,Jumpstyle,7,2025-06-16T10:16:39Z,214f23jw73wgv4vdpcjabds2a,False,,,,,,,,,,,,,,,,,,,
5F37qnyuLrUebASpqWD12d,Jumpstyle,8,2025-06-16T10:16:39Z,214f23jw73wgv4vdpcjabds2a,False,,,,,,,,,,,,,,,,,,,
5F37qnyuLrUebASpqWD12d,Jumpstyle,9,2025-06-16T10:16:39Z,214f23jw73wgv4vdpcjabds2a,False,,,,,,,,,,,,,,,,,,,
5F37qnyuLrUebASpqWD12d,Jumpstyle,10,2025-06-16T10:16:39Z,214f23jw73wgv4vdpcjabds2a,False,,,,,,,,,,,,,,,,,,,
5F37qnyuLrUebASpqWD12d,Jumpstyle,11,2025-06-16T10:16:39Z,214f23jw73wgv4vdpcjabds2a,False,,,,,,,,,,,,,,,,,,,
5F37qnyuLrUebASpqWD12d,Jumpstyle,12,2025-06-16T10:16:39Z,214f23jw73wgv4vdpcjabds2a,False,,,,,,,,,,,,,,,,,,,
5F37qnyuLrUebASpqWD12d,Jumpstyle,13,2025-06-16T10:16:39Z,214f23jw73wgv4vdpcjabds2a,False,,,,,,,,,,,,,,,,,,,
5F37qnyuLrUebASpqWD12d,Jumpstyle,14,2025-06-16T10:16:39Z,214f23jw73wgv4vdpcjabds2a,False,,,,,,,,,,,,,,,,,,,
5F37qnyuLrUebASpqWD12d,Jumpstyle,15,2025-06-16T10:16:39Z,214f23jw73wgv4vdpcjabds2a,False,,,,,,,,,,,,,,,,,,,
5F37qnyuLrUebASpqWD12d,Jumpstyle,16,2025-06-16T10:16:39Z,214f23jw73wgv4vdpcjabds2a,False,,,,,,,,,,,,,,,,,,,
5F37qnyuLrUebASpqWD12d,Jumpstyle,17,2025-06-16T10:16:39Z,214f23jw73wgv4vdpcjabds2a,False,,,,,,,,,,,,,,,,,,,
5F37qnyuLrUebASpqWD12d,Jumpstyle,18,2025-06-16T10:16:39Z,214f23jw73wgv4vdpcjabds2a,False,,,,,,,,,,,,,,,,,,,
5F37qnyuLrUebASpqWD12d,Jumpstyle,19,2025-06-16T10:16:39Z,214f23jw73wgv4vdpcjabds2a,False,,,,,,,,,,,,,,,,,,,
5F37qnyuLrUebASpqWD12d,Jumpstyle,20,2025-06-16T10:16:39Z,214f23jw73wgv4vdpcjabds2a,False,,,,,,,,,,,,,,,,,,,
5F37qnyuLrUebASpqWD12d,Jumpstyle,21,2025-06-16T10:16:39Z,214f23jw73wgv4vdpcjabds2a,False,,,,,,,,,,,,,,,,,,,
5F37qnyuLrUebASpqWD12d,Jumpstyle,22,2025-06-16T10:16:39Z,214f23jw73wgv4vdpcjabds2a,False,,,,,,,,,,,,,,,,,,,
5F37qnyuLrUebASpqWD12d,Jumpstyle,23,2025-06-16T10:16:39Z,214f23jw73wgv4vdpcjabds2a,False,,,,,,,,,,,,,,,,,,,
5F37qnyuLrUebASpqWD12d,Jumpstyle,24,2025-06-16T10:16:39Z,214f23jw73wgv4vdpcjabds2a,False,,,,,,,,,,,,,,,,,,,
5F37qnyuLrUebASpqWD12d,Jumpstyle,25,2025-06-16T10:16:39Z,214f23jw73wgv4vdpcjabds2a,False,,,,,,,,,,,,,,,,,,,
5F37qnyuLrUebASpqWD12d,Jumpstyle,26,2025-06-16T10:16:39Z,214f23jw73wgv4vdpcjabds2a,False,,,,,,,,,,,,,,,,,,,
5F37qnyuLrUebASpqWD12d,Jumpstyle,27,2025-06-16T10:16:39Z,214f23jw73wgv4vdpcjabds2a,False,,,,,,,,,,,,,,,,,,,
5F37qnyuLrUebASpqWD12d,Jumpstyle,28,2025-06-16T10:16:39Z,214f23jw73wgv4vdpcjabds2a,False,,,,,,,,,,,,,,,,,,,
5F37qnyuLrUebASpqWD12d,Jumpstyle,29,2025-06-16T10:16:39Z,214f23jw73wgv4vdpcjabds2a,False,,,,,,,,,,,,,,,,,,,
5F37qnyuLrUebASpqWD12d,Jumpstyle,30,2025-06-16T10:16:39Z,214f23jw73wgv4vdpcjabds2a,False,,,,,,,,,,,,,,,,,,,
5F37qnyuLrUebASpqWD12d,Jumpstyle,31,2025-06-16T10:16:39Z,214f23jw73wgv4vdpcjabds2a,False,,,,,,,,,,,,,,,,,,,
5F37qnyuLrUebASpqWD12d,Jumpstyle,32,2025-06-16T10:16:39Z,214f23jw73wgv4vdpcjabds2a,False,,,,,,,,,,,,,,,,,,,
5F37qnyuLrUebASpqWD12d,Jumpstyle,33,2025-06-16T10:16:39Z,214f23jw73wgv4vdpcjabds2a,False,,,,,,,,,,,,,,,,,,,
5F37qnyuLrUebASpqWD12d,Jumpstyle,34,2025-06-16T10:16:39Z,214f23jw73wgv4vdpcjabds2a,False,,,,,,,,,,,,,,,,,,,
5F37qnyuLrUebASpqWD12d,Jumpstyle,35,2025-06-16T10:16:39Z,214f23jw73wgv4vdpcjabds2a,False,,,,,,,,,,,,,,,,,,,
5F37qnyuLrUebASpqWD12d,Jumpstyle,36,2025-06-16T10:16:39Z,214f23jw73wgv4vdpcjabds2a,False,,,,,,,,,,,,,,,,,,,
5F37qnyuLrUebASpqWD12d,Jumpstyle,37,2025-06-16T10:16:39Z,214f23jw73wgv4vdpcjabds2a,False,,,,,,,,,,,,,,,,,,,
5F37qnyuLrUebASpqWD12d,Jumpstyle,38,2025-06-16T10:16:39Z,214f23jw73wgv4vdpcjabds2a,False,,,,,,,,,,,,,,,,,,,
5F37qnyuLrUebASpqWD12d,Jumpstyle,39,2025-06-16T10:16:39Z,214f23jw73wgv4vdpcjabds2a,False,,,,,,,,,,,,,,,,,,,
5F37qnyuLrUebASpqWD12d,Jumpstyle,40,2025-06-16T10:16:39Z,214f23jw73wgv4vdpcjabds2a,False,,,,,,,,,,,,,,,,,,,
5F37qnyuLrUebASpqWD12d,Jumpstyle,41,2025-06-16T10:16:39Z,214f23jw73wgv4vdpcjabds2a,False,,,,,,,,,,,,,,,,,,,
5F37qnyuLrUebASpqWD12d,Jumpstyle,42,2025-06-16T10:16:39Z,214f23jw73wgv4vdpcjabds2a,False,,,,,,,,,,,,,,,,,,,
5F37qnyuLrUebASpqWD12d,Jumpstyle,43,2025-06-16T10:16:39Z,214f23jw73wgv4vdpcjabds2a,False,,,,,,,,,,,,,,,,,,,
5F37qnyuLrUebASpqWD12d,Jumpstyle,44,2025-06-16T10:16:39Z,214f23jw73wgv4vdpcjabds2a,False,,,,,,,,,,,,,,,,,,,
5F37qnyuLrUebASpqWD12d,Jumpstyle,45,2025-06-16T10:16:39Z,214f23jw73wgv4vdpcjabds2a,False,,,,,,,,,,,,,,,,,,,
5F37qnyuLrUebASpqWD12d,Jumpstyle,46,2025-06-16T10:16:39Z,214f23jw73wgv4vdpcjabds2a,False,,,,,,,,,,,,,,,,,,,
5F37qnyuLrUebASpqWD12d,Jumpstyle,47,2025-06-16T10:16:39Z,214f23jw73wgv4vdpcjabds2a,False,,,,,,,,,,,,,,,,,,,
5F37qnyuLrUebASpqWD12d,Jumpstyle,48,2025-06-16T10:16:39Z,214f23jw73wgv4vdpcjabds2a,False,,,,,,,,,,,,,,,,,,,
5F37qnyuLrUebASpqWD12d,Jumpstyle,49,2025-06-16T10:16:39Z,214f23jw73wgv4vdpcjabds2a,False,,,,,,,,,,,,,,,,,,,
5F37qnyuLrUebASpqWD12d,Jumpstyle,50,2025-06-16T10:16:39Z,214f23jw73wgv4vdpcjabds2a,False,,,,,,,,,,,,,,,,,,,
