ds001_id,spotify_id,song,artist,release,duration_ms,popularity,danceability,energy,key,mode,valence,tempo,genres,tags,lang,matched_event_count,interaction_count_sum,preference_weight_sum,preference_weight_max,source_types,spotify_track_ids
0SZzDlqkVto82lT8,3DK6m7It6Pw857FcQftMds,Runaway,Kanye West,2010,547733,68.000000,0.571000,0.568000,1,0,0.109000,86.986000,"hip hop,rap,rap,hip hop","hip-hop,hip hop,rap,kanye west,kanye,hip-hop,rap,hip hop",en,1,25,2.500000,2.500000,top_tracks,3DK6m7It6Pw857FcQftMds
0qV2T61m2AvCSw88,31SBMFpLi1x0KNlGenfnQ1,Precious Love,James Morrison,2008,217373,45.000000,0.590000,0.742000,0,1,0.557000,87.032000,"soul,pop,rock","soul,pop,male vocalists,james morrison,rock",en,1,25,2.500000,2.500000,top_tracks,31SBMFpLi1x0KNlGenfnQ1
12jXnbQrbvSWYgp7,3g2fYZW5v2od8KIF7VktT0,Scarborough Fair,Simon & Garfunkel,1966,190347,56.000000,0.336000,0.248000,2,1,0.297000,128.548000,"folk,singer-songwriter,classic rock","folk,singer-songwriter,60s,classic rock,acoustic",en,1,25,2.500000,2.500000,top_tracks,3g2fYZW5v2od8KIF7VktT0
15CxeKsD9DvqCVhY,3KfbEIOC7YIv90FIfNSZpo,In My Life,The Beatles,1965,146333,69.000000,0.688000,0.435000,9,1,0.435000,103.239000,"classic rock,rock,pop","classic rock,60s,rock,pop,the beatles",en,1,25,2.500000,2.500000,top_tracks,3KfbEIOC7YIv90FIfNSZpo
166TJqR8YtaoibkS,1s2I9Q7zAE78m7aVZOq3ug,Bang Bang,Nancy Sinatra,2003,160440,57.000000,0.356000,0.120000,5,0,0.382000,186.460000,soundtrack,"soundtrack,oldies,female vocalists,60s,kill bill",en,1,25,2.500000,2.500000,top_tracks,1jD811OG5DyS459iFxNKmm
1EhoPstBUguE4Btf,1ndRc8gZMyybqhTMhZjPot,The Way You Look Tonight,Fred Astaire,1935,188240,32.000000,0.453000,0.159000,2,1,0.180000,75.682000,"swing,jazz,easy listening","swing,jazz,30s,easy listening,1936",en,1,25,2.500000,2.500000,top_tracks,6ALpCzjVWFQJRwKIM8he8F
1GngSVshm9HPaMVa,1h04XMpzGzmAudoI6VHBgA,Penny Lane,The Beatles,1967,180893,64.000000,0.651000,0.488000,9,1,0.490000,113.038000,"classic rock,rock,pop","classic rock,60s,rock,pop,the beatles,british",en,1,25,2.500000,2.500000,top_tracks,1h04XMpzGzmAudoI6VHBgA
1NSrxYWqrIUfYJlG,7zMUCLm1TN9o9JlLISztxO,Burning Love,Elvis Presley,1973,170293,65.000000,0.660000,0.748000,2,1,0.972000,143.549000,"rock,classic rock","rock n roll,oldies,rock and roll,rock,elvis,classic rock",en,1,71,7.142857,7.142857,top_tracks,7zMUCLm1TN9o9JlLISztxO
22YI5YceDuG0QoOj,2SRhABKMz7duB9XiPi4SDd,Lift Me Up,Moby,2005,199293,35.000000,0.581000,0.888000,7,1,0.391000,120.962000,"electronic,electronica","electronic,dance,alternative,electronica,moby",en,1,5,0.500000,0.500000,recently_played,64hZX40A8Z14efLfF0JjwT
2PflxozrqQJVQchQ,3jNGLTOcA4a34rZD2y392C,Bouree,Jethro Tull,1977,226507,47.000000,0.522000,0.275000,0,1,0.555000,115.327000,"progressive rock,classic rock,rock","progressive rock,classic rock,flute,70s,rock,instrumental",INTRUMENTAL,1,25,2.500000,2.500000,top_tracks,5Uene4exc7GwWYDN6X3Ihd
2UbyfJ2ads4YvskN,6kCJMxv445L2okuTiou1fR,Tell Her About It,Billy Joel,1983,229200,51.000000,0.565000,0.894000,8,1,0.737000,182.262000,"pop,rock,classic rock,soft rock","80s,pop,rock,classic rock,soft rock,billy joel",en,1,25,2.500000,2.500000,top_tracks,6kCJMxv445L2okuTiou1fR
2eQ2zwD8LOR5Oj9m,4QwcuKjGjtl5fZe7kDdULV,Lay It On The Line,Triumph,2010,246027,49.000000,0.228000,0.872000,9,0,0.278000,91.724000,"classic rock,rock,hard rock,hard rock,classic rock,rock","classic rock,rock,hard rock,triumph,hard rock,classic rock,rock",en,1,25,2.500000,2.500000,top_tracks,29CJGwJt5wyo7Sjje87Cy8
3UfIu7IgRBza12y2,3idqWaBn3mRdsIodCU6uBi,Roll over Beethoven,The Beatles,1963,165467,56.000000,0.351000,0.749000,2,1,0.967000,160.673000,"classic rock,rock","classic rock,60s,rock,cover,british,rock and roll",en,1,25,2.500000,2.500000,top_tracks,3idqWaBn3mRdsIodCU6uBi
4xYdj1WQYnfLCl11,0Xam0zVac3hKWWN4OQ5Gdr,Pale Shelter,Tears for Fears,1983,274000,52.000000,0.558000,0.852000,0,1,0.496000,118.605000,"new wave,pop","80s,new wave,tears for fears,pop",en,1,25,2.500000,2.500000,top_tracks,0Xam0zVac3hKWWN4OQ5Gdr
4yJQAF5ZuAuzs24P,7t3qBNw37k2P2OmgK0MilM,Puttin' On The Ritz,Fred Astaire,1999,157093,41.000000,0.817000,0.437000,6,1,0.787000,107.094000,"swing,jazz","swing,jazz,40s,oldies,male vocalists",en,1,25,2.500000,2.500000,top_tracks,7t3qBNw37k2P2OmgK0MilM
5G6OktV6MQZjl2LQ,1bVnRjdVprR6ZoT67DBxML,Distant Early Warning,Rush,1984,296747,40.000000,0.498000,0.878000,0,1,0.844000,146.300000,"progressive rock,rock,classic rock","progressive rock,rush,rock,classic rock",en,1,25,2.500000,2.500000,top_tracks,7MrjAyGcYhIY8i6EBUpxnN
5YjeA9RnddUgDFjI,4PRGxHpCpF2yoOHYKQIEwD,Rock and Roll,Led Zeppelin,1971,220561,62.000000,0.317000,0.887000,9,1,0.871000,169.613000,"classic rock,hard rock,rock","classic rock,hard rock,rock,70s,led zeppelin",en,1,25,2.500000,2.500000,top_tracks,4PRGxHpCpF2yoOHYKQIEwD
6M4XbtDIOtPeDA06,1H5IfYyIIAlgDX8zguUzns,Suspicious Minds,Elvis Presley,1969,261280,68.000000,0.487000,0.382000,7,1,0.714000,116.557000,"classic rock,rock","60s,oldies,classic rock,rock,elvis",en,1,25,2.500000,2.500000,top_tracks,1H5IfYyIIAlgDX8zguUzns
6MJkge2anZHEYvjl,4jhsuQCUCJKA5f0bXb6XdJ,It's My Life,Talk Talk,1984,232400,63.000000,0.627000,0.802000,0,1,0.867000,126.283000,"new wave,pop,synthpop","80s,new wave,pop,synthpop",en,1,25,2.500000,2.500000,top_tracks,4jhsuQCUCJKA5f0bXb6XdJ
6Op0YXj5bEEcScnz,1hR3TNe1neCWRQatSVOFfX,A Fifth of Beethoven,Walter Murphy,1977,182533,45.000000,0.688000,0.506000,0,0,0.784000,108.753000,disco,"fip,disco,70s,instrumental",INTRUMENTAL,1,25,2.500000,2.500000,top_tracks,1hR3TNe1neCWRQatSVOFfX
6qNbHN2lGfuVydmr,2DVkYfl2YuOMlRfC98srEG,Waiting for the Worms,Pink Floyd,1979,237098,49.000000,0.568000,0.413000,7,1,0.667000,75.866000,"progressive rock,classic rock,rock,psychedelic rock","progressive rock,classic rock,rock,psychedelic rock,pink floyd",en,1,25,2.500000,2.500000,top_tracks,2DVkYfl2YuOMlRfC98srEG
79gGvHv2KqAvswk8,1TaDWN9kixXxE7eYx1Cctd,I Let the Music Speak,ABBA,1981,321347,31.000000,0.330000,0.187000,0,0,0.194000,80.298000,"pop,pop,disco","pop,80s,abba,pop,disco,70s",en,1,25,2.500000,2.500000,top_tracks,1TaDWN9kixXxE7eYx1Cctd
7LfUFSaaFyxcITaK,2FAL6hxj5Qxuj0kWOkEOsF,She Bop,Cyndi Lauper,1983,229267,46.000000,0.583000,0.891000,9,0,0.814000,136.794000,"pop,new wave","80s,pop,new wave,female vocalists",en,1,25,2.500000,2.500000,top_tracks,2FAL6hxj5Qxuj0kWOkEOsF
8TauRq2Dzjuqlen8,70gbuMqwNBE2Y5rkQJE9By,Going to California,Led Zeppelin,1971,212161,62.000000,0.503000,0.265000,2,1,0.522000,78.044000,"classic rock,rock,hard rock","classic rock,rock,70s,hard rock,led zeppelin",en,1,25,2.500000,2.500000,top_tracks,70gbuMqwNBE2Y5rkQJE9By
8amnHzBUPrdIQp6A,0HJsaW48EYnIxH627aRHWN,The Body Electric,Rush,1984,299973,29.000000,0.580000,0.923000,4,0,0.695000,139.509000,"progressive rock,hard rock,rock","progressive rock,hard rock,rock",en,1,25,2.500000,2.500000,top_tracks,268MYoRM1f8rPRoCmW5NAN
8e1XAO305okHTnbt,720aZ5WqTHHDIg2hcKmF9u,Kid Gloves,Rush,1984,258000,29.000000,0.417000,0.956000,9,1,0.681000,181.709000,progressive rock,"progressive rock,rush",en,1,25,2.500000,2.500000,top_tracks,5lEpCOAChEETXFWY9SmIuu
8xE82ySWCYSxN8TD,2TUzU4IkfH8kcvY2MUlsd2,I Won't Let You Go,James Morrison,2011,229303,58.000000,0.537000,0.611000,0,1,0.161000,105.955000,"soul,pop,pop,singer-songwriter,soul","british,soul,2011,pop,love,pop,singer-songwriter,soul",en,1,25,2.500000,2.500000,top_tracks,2TUzU4IkfH8kcvY2MUlsd2
9CLTmq6Ps7WVseF2,5MxNLUsfh7uzROypsoO5qe,Dream On,Aerosmith,1973,266960,75.000000,0.307000,0.433000,1,1,0.224000,160.900000,"classic rock,rock,hard rock","classic rock,rock,hard rock,70s,aerosmith",en,1,25,2.500000,2.500000,top_tracks,5Ih9gbqyxCzTJ43nuSuKnC
9PUnKxg2n1co5JI1,6g4vHtdGqD5eEgpf7nKISk,Don't Ask Me Why,Billy Joel,1980,177360,48.000000,0.691000,0.726000,5,1,0.868000,98.418000,"classic rock,rock,pop,singer-songwriter","classic rock,rock,pop,80s,singer-songwriter,billy joel",en,1,25,2.500000,2.500000,top_tracks,6g4vHtdGqD5eEgpf7nKISk
9S6X7coXdb927q9L,28euH5Ny1JXxZAt2KjWp62,You Give Me Something,James Morrison,2006,212933,47.000000,0.529000,0.686000,0,1,0.600000,79.862000,"soul,pop,singer-songwriter","soul,pop,james morrison,singer-songwriter,british",en,1,25,2.500000,2.500000,top_tracks,6bFsQ6yOp3z5mGNkhWP0P1
9emO9FRFYFQesS1g,0PbAyLrJRDxckQBLQ2Addc,Sowing The Seeds Of Love,Tears for Fears,1989,376733,58.000000,0.209000,0.795000,0,1,0.682000,171.975000,"new wave,pop,rock","80s,new wave,pop,rock,tears for fears",en,1,25,2.500000,2.500000,top_tracks,62vx6uOYO7PrqKqKTKg9RY
AeEKbcGeUG3kIp41,6yjKlmm7vOszkXEUku1EM1,New York State Of Mind,Billy Joel,1976,362400,55.000000,0.506000,0.373000,0,1,0.195000,121.268000,"singer-songwriter,rock,classic rock","piano,singer-songwriter,rock,billy joel,classic rock,70s",en,1,25,2.500000,2.500000,top_tracks,6yjKlmm7vOszkXEUku1EM1
AjhBBHOd3OCtwjoN,2HcokWTBGI5EjGeNVLgd8Q,Higher Love,Steve Winwood,2007,252253,57.000000,0.701000,0.890000,5,1,0.912000,98.765000,"classic rock,pop,rock","80s,classic rock,pop,rock,steve winwood",en,2,50,5.000000,2.500000,top_tracks,4OZbWCJ3xPqWiIzxeNltq6|4ZExvJvQXPEeYzGU0N3THi
BoDfJUleKTckWpiW,6rHh8urosEFRI67xVa6fzU,The Fool On The Hill - Remastered 2009,The Beatles,1967,179107,54.000000,0.356000,0.260000,4,0,0.490000,144.184000,"classic rock,rock","psychedelic peppermint,gorg,ignore the fool,foolish grin,the fool tarot card,classic rock,rock,60s",en,1,25,2.500000,2.500000,top_tracks,6rHh8urosEFRI67xVa6fzU
BurkN8hwXKYLo8xS,45GTwVJoDDLGEAYkB5NOrT,Mountains O' Things,Tracy Chapman,1988,279427,48.000000,0.849000,0.384000,9,0,0.750000,93.801000,"folk,rock","folk,female vocalists,rock,alternative folk",en,1,25,2.500000,2.500000,top_tracks,45GTwVJoDDLGEAYkB5NOrT
CV1cYS3ulclC2pwO,7Aobt67JnaF7qN8jCCKvHq,Do You Want to Know a Secret,The Beatles,1963,117013,58.000000,0.673000,0.349000,4,1,0.609000,124.451000,"rock,classic rock,pop","60s,rock,classic rock,pop,british,the beatles",en,1,25,2.500000,2.500000,top_tracks,7Aobt67JnaF7qN8jCCKvHq
D6fkJpDr6KTNzDpL,5qWXXF3On2xUfVu1ND1NLN,Cheek To Cheek,Fred Astaire,1935,198107,40.000000,0.506000,0.180000,0,1,0.665000,161.510000,"swing,jazz","swing,jazz,oldies,musicals,love",en,1,25,2.500000,2.500000,top_tracks,3R9LrKCdEcgECnrVFA1Flz
EP4cXLGgw90hzP3O,4rr0gWiMrF4sOIefs3IEvZ,A Little Less Conversation,Elvis Presley,2002,211507,62.000000,0.597000,0.970000,4,0,0.717000,114.999000,"classic rock,rock","rock n roll,classic rock,60s,oldies,rock,fip",en,1,25,2.500000,2.500000,top_tracks,4rr0gWiMrF4sOIefs3IEvZ
EluJPZ1gvKeMbf3X,6a98mDyXTsYugJhUs1tZr4,Fixing A Hole - Remix,The Beatles,1967,157960,51.000000,0.415000,0.665000,0,0,0.523000,112.618000,baroque pop,"baroque pop,psychedelic pop",en,1,25,2.500000,2.500000,top_tracks,6a98mDyXTsYugJhUs1tZr4
EoM9b6SAT1D9Ytq1,06IsyJksK6vgJX66rU77Ij,Fortress Around Your Heart,Sting,1985,279693,41.000000,0.680000,0.467000,7,1,0.680000,120.546000,"rock,pop,singer-songwriter","rock,80s,sting,pop,british,singer-songwriter",en,1,25,2.500000,2.500000,top_tracks,06IsyJksK6vgJX66rU77Ij
F8vAvaC1LW5E8DOU,6A9mKXlFRPMPem6ygQSt7z,Three Little Birds,Bob Marley & The Wailers,1977,180267,76.000000,0.814000,0.482000,9,1,0.615000,148.404000,reggae,"reggae,bob marley,70s,jamaican",en,1,25,2.500000,2.500000,top_tracks,7yFvSYKk3g5g8e7Ffl16ws
FKCVBKj4lauIUFna,64Ny7djQ6rNJspquof2KoX,Hound Dog,Elvis Presley,1958,136027,66.000000,0.357000,0.756000,0,1,0.950000,174.797000,"classic rock,rock","rock n roll,oldies,classic rock,rock and roll,rock,50s",en,1,25,2.500000,2.500000,top_tracks,64Ny7djQ6rNJspquof2KoX
FeRInaEhXdfN0VZv,47ZWr1Nb0PUgmKgyg5JkgO,River Flows in You,Yiruma,2001,185527,69.000000,0.310000,0.218000,9,1,0.096900,145.074000,"classical,classical","piano,instrumental,classical,beautiful,piano,instrumental,classical",INTRUMENTAL,1,25,2.500000,2.500000,top_tracks,3xr8COed4nPPn6XWZ0iCGr
FrjEAGwfV6qohKmJ,52Lz3HKBItvMWuSNDBixq3,It Can Happen,Yes,1983,329507,38.000000,0.565000,0.872000,0,1,0.410000,111.874000,"progressive rock,classic rock,rock","progressive rock,80s,classic rock,yes,rock",en,1,25,2.500000,2.500000,top_tracks,52Lz3HKBItvMWuSNDBixq3
FvmUxqDYcskY1E1q,01u6AEzGbGbQyYVdxajxqk,Don't Be Cruel,Elvis Presley,1958,122893,58.000000,0.697000,0.550000,2,1,0.844000,84.802000,"classic rock,rock","rock n roll,oldies,50s,classic rock,rock",en,1,25,2.500000,2.500000,top_tracks,1MUsWVRPLaC7ANKcEiMRCl
GGVEhXe864IozrMK,5HNCy40Ni5BZJFw1TKzRsC,Comfortably Numb,Pink Floyd,1979,382297,71.000000,0.472000,0.366000,11,0,0.171000,127.167000,"progressive rock,classic rock,psychedelic rock,rock","progressive rock,classic rock,psychedelic rock,rock,pink floyd",en,1,25,2.500000,2.500000,top_tracks,5HNCy40Ni5BZJFw1TKzRsC
GbbYeHso7KMaXXZk,6fwKbFsdaze8Oi2ODK7jBN,Two for the Price of One,ABBA,1981,218907,19.000000,0.699000,0.490000,2,1,0.776000,112.369000,pop,"pop,80s,abba",en,1,25,2.500000,2.500000,top_tracks,1vOgunupwdkhGjoB7SK2Va
HNN3N9MY2Okf4kfQ,6zgtBUEkAfilJ2YEOvNexR,One of Us,ABBA,2012,237720,49.000000,0.656000,0.400000,7,1,0.835000,82.220000,pop,"pop,abba,80s,swedish",en,1,25,2.500000,2.500000,top_tracks,40IHflbrHcOuC8ZcYxUSAC
HhnTUIZ040LnpSZm,5DH7nDryMhpixm4G4B7RP9,The Longest Time,Billy Joel,1983,217907,60.000000,0.637000,0.333000,3,1,0.588000,84.347000,"pop,rock,classic rock","80s,pop,rock,billy joel,classic rock",en,1,25,2.500000,2.500000,top_tracks,5DH7nDryMhpixm4G4B7RP9
IAzZGYyHfsmexzGi,1D1nixOVWOxvNfWi0UD7VX,Unwritten,Natasha Bedingfield,2004,259333,74.000000,0.706000,0.801000,5,1,0.630000,100.013000,pop,"pop,female vocalists,natasha bedingfield,british",en,1,25,2.500000,2.500000,top_tracks,3U5JVgI2x4rDyHGObzJfNf
IQHIVdQXeQ7dk3So,3UDmHZcBTQp8Iu8droNtUl,Revolution,The Beatles,1973,205293,64.000000,0.407000,0.834000,6,1,0.710000,121.380000,"classic rock,rock","classic rock,60s,rock,the beatles,british",en,1,25,2.500000,2.500000,top_tracks,3UDmHZcBTQp8Iu8droNtUl
JHJusOYsaL3zLGtA,1dXUp8QkH4bkxUr4pOYvld,Everloving,Moby,1999,205573,34.000000,0.521000,0.338000,4,0,0.232000,83.817000,"electronic,ambient,electronic,ambient","chillout,electronic,ambient,instrumental,electronic,ambient,chillout",INTRUMENTAL,1,5,0.500000,0.500000,recently_played,3KdNyeEZPSND2Eii1O2lNf
JTbvJI8lNUTib1O5,0q6kL6JEfoGbozD1rjG7NY,Mission,Rush,1987,317533,28.000000,0.494000,0.847000,2,1,0.342000,140.100000,"progressive rock,rock,classic rock,hard rock","progressive rock,rock,classic rock,hard rock",en,1,25,2.500000,2.500000,top_tracks,0q6kL6JEfoGbozD1rjG7NY
JZrvucFQ56izpI9f,6Pq9MmkDQYZiiCDpxnvrf6,I Am the Walrus,The Beatles,1967,275867,62.000000,0.401000,0.556000,2,1,0.654000,85.206000,"classic rock,rock,psychedelic rock","classic rock,60s,psychedelic,rock,the beatles,psychedelic rock",en,1,25,2.500000,2.500000,top_tracks,6Pq9MmkDQYZiiCDpxnvrf6
K01Mxf5XW4k9jAIt,0hCB0YR03f6AmQaHbwWDe8,Whole Lotta Love,Led Zeppelin,1969,333893,73.000000,0.412000,0.902000,9,1,0.422000,89.740000,"classic rock,hard rock,rock","classic rock,hard rock,rock,70s,led zeppelin",en,1,25,2.500000,2.500000,top_tracks,0hCB0YR03f6AmQaHbwWDe8
K2InLHoJqZgf5Opi,1H7gMYGykdtwZOV6s1N0by,Norwegian Wood (This Bird Has Flown),The Beatles,1965,124693,64.000000,0.425000,0.369000,4,1,0.650000,176.625000,"classic rock,rock,pop","60s,classic rock,rock,the beatles,pop,british",en,1,25,2.500000,2.500000,top_tracks,1H7gMYGykdtwZOV6s1N0by
LP8SxUB1bOG1Ra3P,1aOzDhi5a1RWWRy5dmYA8I,Revolution 1,The Beatles,1968,255707,50.000000,0.386000,0.626000,9,1,0.695000,98.425000,"classic rock,rock","60s,classic rock,rock,british,the beatles",en,1,25,2.500000,2.500000,top_tracks,1aOzDhi5a1RWWRy5dmYA8I
MDKgaD6aiKpqk7cz,6Nabz5Gsy80XL0MJoOmgF8,Beds Are Burning,Midnight Oil,1997,258173,60.000000,0.754000,0.496000,0,1,0.341000,119.186000,"rock,classic rock","80s,rock,australian,classic rock",en,1,25,2.500000,2.500000,top_tracks,0XHGKdViVybbZKqEZ2tXqV
ME9AVNcYwpF1WPYG,30qVCFYKBtAENjTIBA8FPZ,The River of Dreams,Billy Joel,1993,247627,57.000000,0.631000,0.749000,7,1,0.437000,89.646000,"pop,rock,classic rock","pop,rock,classic rock,80s,billy joel,90s",en,1,25,2.500000,2.500000,top_tracks,30qVCFYKBtAENjTIBA8FPZ
MkVbtlOpm2Q2D41x,7cb2SdLm1UMLwdUoWwrZN1,Baby's in Black,The Beatles,1964,124520,43.000000,0.374000,0.596000,9,1,0.876000,202.970000,"rock,classic rock,pop","60s,rock,classic rock,british,pop,the beatles",en,1,25,2.500000,2.500000,top_tracks,7cb2SdLm1UMLwdUoWwrZN1
N4dWQMEKRaUONlaP,3JQWLa88R35d971o5bIImd,Chains,The Beatles,1963,145080,44.000000,0.654000,0.561000,10,1,0.929000,129.884000,"classic rock,rock,pop","60s,classic rock,rock,pop,british,cover",en,1,25,2.500000,2.500000,top_tracks,3JQWLa88R35d971o5bIImd
N9SjyAdz5ogvctSR,6tQvjqDIK9GXWIC6mejms8,Girl - Remastered,The Beatles,1965,151720,59.000000,0.699000,0.294000,5,0,0.893000,96.615000,folk,folk,en,1,25,2.500000,2.500000,top_tracks,6tQvjqDIK9GXWIC6mejms8
NPOsbL3fobizZyEs,29FNeqjOV2kPWGS55qhtGB,"Money, Money, Money",ABBA,2008,186787,54.000000,0.756000,0.741000,9,0,0.691000,120.445000,"pop,disco","pop,abba,70s,disco",en,1,25,2.500000,2.500000,top_tracks,3lKN03PDeBnXZS7sDukRBt
NQbNKyYkv5MxNeQy,0dBatXn1vVUl0jLgXRClwD,Bennie And The Jets (Remastered 2014),Elton John,1973,322549,69.000000,0.665000,0.673000,0,1,0.779000,132.642000,"pop,classic rock,singer-songwriter,rock","pop,classic rock,singer-songwriter,rock,piano",en,1,25,2.500000,2.500000,top_tracks,5Wj1rJnCLpMHdLaxsFtJLs
NfSfEoxJmTd2T2Aj,3DBVtnyVhc0WGT51K28TC9,Movin' Out (Anthony's Song),Billy Joel,2001,207907,52.000000,0.675000,0.811000,2,0,0.844000,133.894000,"classic rock,rock,pop,singer-songwriter","classic rock,rock,70s,pop,singer-songwriter",en,1,25,2.500000,2.500000,top_tracks,16GUMo6u3D2qo9a19AkYct
NnPChlLXcE8YETJS,7529Z6b1rlGZFFPWjHPeV5,Ask Me Why,The Beatles,1963,146533,46.000000,0.605000,0.394000,4,1,0.597000,133.942000,"classic rock,rock,pop","60s,classic rock,rock,british,the beatles,pop",en,1,25,2.500000,2.500000,top_tracks,7529Z6b1rlGZFFPWjHPeV5
OK8VmZrhLaWmW2R7,18qhv7DD1sEpgWffovGnhn,A Day In The Life - remix,The Beatles,1967,330907,57.000000,0.377000,0.453000,4,0,0.121000,79.935000,"psychedelic rock,art rock","psychedelic rock,art rock",en,1,25,2.500000,2.500000,top_tracks,18qhv7DD1sEpgWffovGnhn
OUkZI66QebyJvgIS,1wXE6zvNWRz8GuMfEUgETz,Hair of the Dog,Nazareth,1975,249240,52.000000,0.690000,0.727000,4,1,0.661000,128.589000,"classic rock,hard rock,rock","classic rock,hard rock,rock,70s",en,1,25,2.500000,2.500000,top_tracks,1wXE6zvNWRz8GuMfEUgETz
OxCTebk8s4Ex3yBg,78lgmZwycJ3nzsdgmPPGNx,Immigrant Song,Led Zeppelin,1970,146250,75.000000,0.564000,0.932000,11,1,0.619000,112.937000,"classic rock,hard rock,rock","classic rock,hard rock,rock,70s,led zeppelin",en,1,25,2.500000,2.500000,top_tracks,78lgmZwycJ3nzsdgmPPGNx
P2S6M5e4PN1JubTp,503OTo2dSqe7qk76rgsbep,Still D.R.E.,Dr. Dre,1999,270587,72.000000,0.821000,0.774000,11,1,0.547000,93.425000,"rap,hip hop","hip-hop,rap,gangsta rap,dr dre,hip hop,west coast",en,1,25,2.500000,2.500000,top_tracks,503OTo2dSqe7qk76rgsbep
PibkyDY19wIzhvpc,4lShKS7ee6aoC8hbUVOhYG,Circumstances,Rush,1978,224560,36.000000,0.433000,0.806000,7,1,0.614000,125.244000,"progressive rock,hard rock,rock","progressive rock,hard rock,rock,rush",en,1,25,2.500000,2.500000,top_tracks,4lShKS7ee6aoC8hbUVOhYG
QAxhAZhljYgVKGuB,4Ggjly9D6YlPfywZOViMaG,She's Leaving Home - Remix,The Beatles,1967,205840,52.000000,0.376000,0.319000,0,1,0.217000,132.105000,"baroque pop,classic rock,rock","baroque pop,classic rock,rock,60s",en,1,28,2.777778,2.777778,top_tracks,4Ggjly9D6YlPfywZOViMaG
QXkYgalw42rz4k5X,3XkXJNMHJB0UiKiVz83yD7,Across the Lines,Tracy Chapman,1988,204667,50.000000,0.760000,0.278000,9,1,0.501000,126.242000,"folk,rock","folk,female vocalists,alternative folk,rock",en,1,25,2.500000,2.500000,top_tracks,3XkXJNMHJB0UiKiVz83yD7
QjxUmiXnnXxYDt72,3BFRqZFLSrqtQr6cjHbAxU,Ain't Misbehavin',Fats Waller,1926,237773,37.000000,0.515000,0.222000,0,0,0.350000,98.358000,jazz,"jazz,piano,091jfm",en,1,25,2.500000,2.500000,top_tracks,3BFRqZFLSrqtQr6cjHbAxU
QolCFgn0lRVqdc9N,5Z01UMMf7V1o0MzF86s6WJ,Lose Yourself,Eminem,2005,326467,74.000000,0.698000,0.732000,2,1,0.068900,171.431000,"rap,soundtrack","rap,hip-hop,eminem,soundtrack",en,1,25,2.500000,2.500000,top_tracks,1v7L65Lzy0j0vdpRjJewt1
QrsNJaTFIN7k6GvQ,3M8FzayQWtkvOhqMn2V4T2,Lean on Me,Bill Withers,1972,258835,66.000000,0.619000,0.220000,0,1,0.423000,75.160000,soul,"soul,70s,oldies,bill withers",en,1,25,2.500000,2.500000,top_tracks,3M8FzayQWtkvOhqMn2V4T2
QvYpogJ5qMDGPvsw,17W8bZBSty1TJ4CRG4GGJK,For My Lover,Tracy Chapman,1988,192440,49.000000,0.557000,0.426000,4,0,0.354000,162.713000,"folk,rock,singer-songwriter","folk,female vocalists,acoustic,alternative folk,rock,singer-songwriter",en,1,25,2.500000,2.500000,top_tracks,17W8bZBSty1TJ4CRG4GGJK
R3ZB7V3mgBeG2SSh,5vl0sRtrQM1BTSAxQZFqEN,Not a Second Time,The Beatles,1963,126827,43.000000,0.471000,0.817000,7,1,0.961000,124.848000,"rock,classic rock,pop","60s,rock,british,classic rock,the beatles,pop",en,1,25,2.500000,2.500000,top_tracks,5vl0sRtrQM1BTSAxQZFqEN
ROm2Vv0rig9S5d6E,2CIDqYfIYfl9vx02wIyCG9,All Through the Night,Cyndi Lauper,1983,272840,53.000000,0.573000,0.650000,8,1,0.346000,95.100000,"pop,new wave","80s,pop,female vocalists,new wave",en,1,25,2.500000,2.500000,top_tracks,2CIDqYfIYfl9vx02wIyCG9
RRH8Atb65rb6xiy6,2Bv7w9O6JsNmCstAXxurNi,Red Lenses,Rush,1984,281840,26.000000,0.573000,0.853000,1,1,0.586000,123.802000,progressive rock,"progressive rock,rush",en,1,25,2.500000,2.500000,top_tracks,3pVnCDD8Qqpw9NdBhbua1a
RdFRnRnYEQazgtcd,5RgFlk1fcClZd0Y4SGYhqH,She's Always a Woman,Billy Joel,1977,201373,68.000000,0.292000,0.324000,3,1,0.384000,176.631000,"classic rock,rock,singer-songwriter","classic rock,piano,70s,billy joel,rock,singer-songwriter",en,1,25,2.500000,2.500000,top_tracks,5RgFlk1fcClZd0Y4SGYhqH
RfyZW9445WyeHPgN,3J0AoQhAufniMrznCRJASD,I Drove All Night,Cyndi Lauper,1989,251507,53.000000,0.703000,0.706000,8,1,0.766000,131.067000,"pop,rock","80s,pop,female vocalists,rock,cyndi lauper",en,1,25,2.500000,2.500000,top_tracks,3J0AoQhAufniMrznCRJASD
RmMSHhTryKoZYEjZ,3qT4bUD1MaWpGrTwcvguhb,Black Dog,Led Zeppelin,1971,295387,70.000000,0.437000,0.864000,4,0,0.749000,81.394000,"classic rock,hard rock,rock","classic rock,hard rock,rock,70s,led zeppelin",en,1,25,2.500000,2.500000,top_tracks,3qT4bUD1MaWpGrTwcvguhb
RudvUvHOOal4SOD7,4fQMGlCawbTkH9yPPZ49kP,Green Onions,Booker T. & The M.G.'s,1962,176333,61.000000,0.816000,0.514000,10,1,0.912000,136.837000,"soul,blues,funk","soul,instrumental,60s,blues,funk",INTRUMENTAL,1,25,2.500000,2.500000,top_tracks,4fQMGlCawbTkH9yPPZ49kP
S9NHB8tncOFLjyYh,2A6yzRGMgSQCUapR2ptm6A,True Colors,Cyndi Lauper,1986,226067,65.000000,0.386000,0.145000,0,1,0.262000,171.630000,pop,"80s,pop,female vocalists,cyndi lauper",en,1,167,16.666667,16.666667,top_tracks,6to7uMMtCgtONKQxrzZ0F3
SAA2SBcmpbhFsB8Y,4FrNFRa2ry8qSE9yoDDTNC,Head Over Heels,ABBA,1981,227974,37.000000,0.832000,0.733000,1,0,0.772000,121.429000,pop,"pop,80s,abba",en,1,25,2.500000,2.500000,top_tracks,5boJKR3VLBW0dc5167wKDE
SS0WjBrVPOgSw8HC,2VmB1rF9FtfKUmFHDVnq8Q,Baby It's You,The Beatles,1963,160520,56.000000,0.608000,0.494000,4,0,0.879000,112.421000,"classic rock,rock","classic rock,60s,rock,the beatles,british,cover",en,1,25,2.500000,2.500000,top_tracks,2VmB1rF9FtfKUmFHDVnq8Q
StuJducbhXoaFIYJ,1oKwSREiOeE1bNDO2clP1c,Please Don't Stop the Rain,James Morrison,2008,234267,34.000000,0.498000,0.821000,0,1,0.681000,160.089000,"pop,soul,singer-songwriter","pop,soul,british,james morrison,male vocalists,singer-songwriter",en,1,25,2.500000,2.500000,top_tracks,05ZVTnFGjDTnzQHMxK0Bir
Sui4UkxqCn3z4n2Q,4Xvcx48q8khat7M1YUYaYW,You Make It Real,James Morrison,2008,211400,46.000000,0.291000,0.580000,0,1,0.342000,81.112000,"pop,singer-songwriter","pop,james morrison,singer-songwriter,british,ballad,acoustic",en,1,25,2.500000,2.500000,top_tracks,1Yw6ViCo3tuufI0Hg4mzSU
TEnAcMdffxfWONyl,2iIRl5jf9beA2ExZWzn2nt,Lucy in the sky with diamonds - Remix,The Beatles,1967,207680,57.000000,0.331000,0.521000,11,0,0.432000,132.537000,psychedelic rock,psychedelic rock,en,1,42,4.166667,4.166667,top_tracks,2iIRl5jf9beA2ExZWzn2nt
TKCScJ2KJ78HCRcB,0Qv7xi6uPSqH2k82tOkGSt,Mad World,Tears for Fears,1983,215400,61.000000,0.647000,0.896000,4,1,0.953000,118.729000,"new wave,pop","80s,new wave,pop,synth pop",en,1,25,2.500000,2.500000,top_tracks,0Qv7xi6uPSqH2k82tOkGSt
TwVNNHVqSPdJFaqz,00OMaIm4VEsUcXad5Pf1Qe,Behind the Wall,Tracy Chapman,1988,109507,44.000000,0.668000,0.050500,5,1,0.598000,148.649000,"folk,a cappella,singer-songwriter","female vocalists,folk,a cappella,singer-songwriter",en,1,25,2.500000,2.500000,top_tracks,00OMaIm4VEsUcXad5Pf1Qe
UCCManHYx1CyyHpG,0YMFcrMtBowDdD5bPz0cgy,Talkin' Bout a Revolution,Tracy Chapman,1988,161600,63.000000,0.561000,0.732000,7,1,0.671000,118.975000,"folk,singer-songwriter,rock,folk,singer-songwriter","folk,singer-songwriter,female vocalists,acoustic,rock,folk,female vocalists,singer-songwriter",en,1,36,3.571429,3.571429,top_tracks,0YMFcrMtBowDdD5bPz0cgy
Usy1B96bUQGLjrjx,5By7Pzgl6TMuVJG168VWzS,Michelle - Remastered,The Beatles,1965,162373,63.000000,0.578000,0.290000,5,0,0.666000,117.403000,"classic rock,rock,pop","classic rock,rock,british,60s,pop",en,1,25,2.500000,2.500000,top_tracks,5By7Pzgl6TMuVJG168VWzS
UxnfrRn4Sonejy8X,4MLBqAEzNN89o2M9h92Z26,Get Back,The Beatles,1970,189387,62.000000,0.761000,0.592000,2,1,0.332000,123.095000,"rock,classic rock,pop","rock,classic rock,60s,the beatles,pop,british",en,1,25,2.500000,2.500000,top_tracks,4MLBqAEzNN89o2M9h92Z26
VDhvqsjG56T7t8jr,2QlPByrmEO9XciNBXCrawR,Roll With It,Steve Winwood,1988,320733,50.000000,0.759000,0.645000,0,1,0.954000,117.254000,"classic rock,pop,rock,classic rock,rock","classic rock,80s,steve winwood,pop,rock,classic rock,rock,80s",en,1,25,2.500000,2.500000,top_tracks,2QlPByrmEO9XciNBXCrawR
VOqPgoGT5vVkLa3n,5zA8vzDGqPl2AzZkEYQGKh,An Innocent Man,Billy Joel,1983,197707,75.000000,0.701000,0.943000,4,1,0.791000,128.992000,"pop,singer-songwriter,soft rock,rock","80s,pop,singer-songwriter,soft rock,rock,billy joel",en,1,25,2.500000,2.500000,top_tracks,1Gg14U26oq94uWcG7khccX
Ve257XDVBwPNUg7K,4nMrx6pa1vFGkk8rU6rreL,Under Attack,ABBA,1981,228693,36.000000,0.888000,0.684000,4,1,0.964000,115.663000,pop,"pop,80s,abba",en,1,25,2.500000,2.500000,top_tracks,3MsQJQPi172pXgXcYGlenx
WOWxCR8vLzQt33x5,01SfTM5nfCou5gQL70r6gs,Golden Slumbers - Remastered,The Beatles,1969,91760,61.000000,0.419000,0.152000,0,1,0.239000,80.608000,"rock,baroque pop","rock,baroque pop,gorg,psychedelic peppermint,golden rain",en,1,25,2.500000,2.500000,top_tracks,01SfTM5nfCou5gQL70r6gs
XPhsdXhKGswGFS85,64UioB4Nmwgn2f4cbIpAkl,It's Still Rock and Roll to Me,Billy Joel,1980,176440,60.000000,0.752000,0.684000,0,1,0.539000,141.075000,"rock,classic rock,pop","rock,80s,classic rock,pop,billy joel",en,1,25,2.500000,2.500000,top_tracks,64UioB4Nmwgn2f4cbIpAkl
XQrflLn70qYnXiw1,5jgFfDIR6FR0gvlA56Nakr,Blackbird - Remastered 2009,The Beatles,1968,138387,69.000000,0.686000,0.127000,7,1,0.372000,93.699000,"classic rock,rock,pop","classic rock,rock,british,60s,pop",en,1,25,2.500000,2.500000,top_tracks,5jgFfDIR6FR0gvlA56Nakr
XkxP8SKGduJBalHe,3XiFWZoHQtGUYIdtShPwPD,Moonlight Serenade,Glenn Miller,1980,201400,48.000000,0.343000,0.157000,3,1,0.067300,78.328000,"big band,jazz,swing","big band,jazz,swing,instrumental,40s",INTRUMENTAL,1,25,2.500000,2.500000,top_tracks,3XiFWZoHQtGUYIdtShPwPD
Ydh9qUkrroIymncM,3utq2FgD1pkmIoaWfjXWAU,Scenes from an Italian Restaurant,Billy Joel,1977,456893,55.000000,0.415000,0.931000,5,1,0.339000,97.953000,"rock,singer-songwriter,classic rock,pop","rock,singer-songwriter,piano,classic rock,pop,billy joel",en,1,25,2.500000,2.500000,top_tracks,3utq2FgD1pkmIoaWfjXWAU
Yh6WQXVEjRQbrnFB,7iN1s7xHE4ifF5povM6A48,Let It Be,The Beatles,1970,243027,76.000000,0.443000,0.403000,0,1,0.410000,143.462000,"classic rock,rock,pop","classic rock,60s,rock,the beatles,pop",en,1,25,2.500000,2.500000,top_tracks,7iN1s7xHE4ifF5povM6A48
YpFT73HDtV6wY1Zs,3XVBdLihbNbxUwZosxcGuJ,Diary,Alicia Keys,2003,228707,76.000000,0.609000,0.445000,7,1,0.166000,118.393000,"soul,soul","soul,rnb,alicia keys,female vocalists,soul,rnb,female vocalists",en,1,25,2.500000,2.500000,top_tracks,3XVBdLihbNbxUwZosxcGuJ
ZVqMzQ2HXZQ0czai,5UGYlHApOk8CKwq1eUvBxv,Valerie,Steve Winwood,2010,247187,56.000000,0.729000,0.669000,9,1,0.627000,115.762000,"classic rock,pop","80s,classic rock,steve winwood,pop",en,1,25,2.500000,2.500000,top_tracks,3aAuIvgJGdp4wWd60riWfB
ZayNF6UdzLYKhbpE,2DjWsDGgL1xNbhnr7f6t5F,Baby Can I Hold You,Tracy Chapman,1988,193120,65.000000,0.692000,0.422000,2,1,0.468000,74.375000,"folk,soul,rock","female vocalists,folk,soul,tracy chapman,rock",en,1,25,2.500000,2.500000,top_tracks,2DjWsDGgL1xNbhnr7f6t5F
ZdJ9xQO7UXEtKKOG,1bZdOnI0GIcB2xqQqQH7DY,Love Me,Elvis Presley,2015,205227,52.000000,0.239000,0.149000,9,1,0.105000,103.667000,"rock,classic rock","rock,50s,oldies,rock n roll,elvis presley,classic rock",en,1,25,2.500000,2.500000,top_tracks,2DQ5r0crvortwaNRYcninK
ZhIEXl61ad4ZIeHw,0AvygKcKeMyZlFmDzbqcYK,When I'm Sixty-Four - Remix,The Beatles,1967,160013,55.000000,0.696000,0.308000,8,1,0.564000,138.425000,"classic rock,rock,pop","classic rock,rock,british,60s,pop",en,1,25,2.500000,2.500000,top_tracks,0AvygKcKeMyZlFmDzbqcYK
a2jdDPn2s274JB4E,2ue1KRstSKHF8jQkIJZiNC,It's Only Love,The Beatles,1965,116480,49.000000,0.629000,0.551000,0,1,0.685000,113.155000,"classic rock,rock,pop","60s,classic rock,rock,the beatles,pop,british",en,1,25,2.500000,2.500000,top_tracks,2ue1KRstSKHF8jQkIJZiNC
a9BhHylJgyqIxBWe,50xwQXPtfNZFKFeZ0XePWc,Yellow Submarine,The Beatles,1966,158880,62.000000,0.604000,0.549000,1,1,0.696000,111.398000,"classic rock,rock,pop","classic rock,rock,60s,british,pop,the beatles",en,1,25,2.500000,2.500000,top_tracks,50xwQXPtfNZFKFeZ0XePWc
aETTFyZbufNqw9Pu,0nH4SKCFlfnypKLKlNBT1c,I Am the City,ABBA,1981,244240,29.000000,0.798000,0.659000,9,1,0.962000,134.073000,pop,"pop,abba",en,1,25,2.500000,2.500000,top_tracks,0nH4SKCFlfnypKLKlNBT1c
adG7LBliQbcLS3eM,6L5BZEcZmD6RBJnimzlyKr,Nights in White Satin,The Moody Blues,1967,269107,64.000000,0.195000,0.483000,4,0,0.173000,84.710000,"classic rock,progressive rock,rock","classic rock,60s,progressive rock,rock,oldies",en,1,25,2.500000,2.500000,top_tracks,6L5BZEcZmD6RBJnimzlyKr
bXUtXEansZmn31Bl,34K50Idx5EKBEVWkmHZ2IZ,Reconsider Baby,Elvis Presley,1960,220080,29.000000,0.445000,0.743000,9,1,0.736000,107.534000,"blues,classic rock,classic rock","fip,blues,60s,classic rock,rock n roll,oldies,classic rock",en,1,25,2.500000,2.500000,top_tracks,34K50Idx5EKBEVWkmHZ2IZ
bbRubPkT5bxwLQpH,2AIsNkRfukTnsq2MtiECMh,We Are All Made of Stars,Moby,2002,273213,38.000000,0.623000,0.569000,2,1,0.368000,112.039000,"electronic,pop,ambient,electronica","electronic,pop,ambient,electronica",en,1,5,0.500000,0.500000,recently_played,7EXMu7qI9Hv5PlMgtmfjES
c0VlO6Z7FmfIJLVV,2M9ro2krNb7nr7HSprkEgo,Fast Car,Tracy Chapman,1988,296800,74.000000,0.711000,0.292000,4,0,0.194000,103.951000,"folk,singer-songwriter","folk,acoustic,female vocalists,80s,singer-songwriter",en,1,25,2.500000,2.500000,top_tracks,2M9ro2krNb7nr7HSprkEgo
cEHfOhOsSTSVgSpF,3Cx4yrFaX8CeHwBMReOWXI,We Didn't Start the Fire,Billy Joel,1989,287733,70.000000,0.712000,0.967000,7,1,0.895000,145.024000,"rock,classic rock,pop","80s,rock,classic rock,pop,billy joel",en,1,25,2.500000,2.500000,top_tracks,3Cx4yrFaX8CeHwBMReOWXI
cZXcA0XJNGeXkzgu,1xOXXYh6lTW8laxlW7JP2J,Only the Good Die Young,Billy Joel,1977,235560,61.000000,0.579000,0.872000,0,1,0.761000,76.214000,"classic rock,rock,singer-songwriter,pop","classic rock,rock,singer-songwriter,pop,billy joel,70s",en,1,25,2.500000,2.500000,top_tracks,1xOXXYh6lTW8laxlW7JP2J
czL4cbRM6xXV2itL,08rAnrICc7QJl2FxaW45WO,Like An Angel Passing Through My Room,ABBA,1981,214667,30.000000,0.533000,0.041600,5,1,0.297000,107.249000,pop,"pop,80s,swedish,abba",en,1,25,2.500000,2.500000,top_tracks,08rAnrICc7QJl2FxaW45WO
d1bPxFltzwLJuBYc,61xvgZVz1DiR628nmGtsZH,She's Got Her Ticket,Tracy Chapman,1988,234507,45.000000,0.765000,0.486000,7,1,0.856000,87.054000,"folk,singer-songwriter,folk,singer-songwriter","female vocalists,folk,singer-songwriter,acoustic,folk,female vocalists,singer-songwriter",en,1,25,2.500000,2.500000,top_tracks,61xvgZVz1DiR628nmGtsZH
dgrUz3f0xTL2gCGE,6UPPGj0cv42vHTZAUdOxBx,For You,Tracy Chapman,2008,265373,45.000000,0.666000,0.370000,0,1,0.551000,126.768000,folk,"female vocalists,acoustic,folk",en,1,25,2.500000,2.500000,top_tracks,24iBrOJoRFiQygVJgkWBRl
dt2rHqDjy0925YZa,4ZoBC5MhSEzuknIgAkBaoT,My Life,Billy Joel,1978,284000,56.000000,0.741000,0.647000,2,1,0.804000,131.097000,"pop,rock,classic rock,soft rock","pop,70s,rock,classic rock,soft rock,billy joel",en,1,25,2.500000,2.500000,top_tracks,4ZoBC5MhSEzuknIgAkBaoT
eJQFqTOFGOIqtbql,6DWIm1TfM9WiCNQeLbbAsd,The Entertainer,Scott Joplin,1999,233600,45.000000,0.489000,0.147000,5,1,0.790000,160.274000,"ragtime,jazz,soundtrack","ragtime,piano,instrumental,jazz,soundtrack",INTRUMENTAL,1,25,2.500000,2.500000,top_tracks,6DWIm1TfM9WiCNQeLbbAsd
eZ8zvGe1lJxaAiM5,6PrKZUXJPmBiobMN44yR8Y,The Ecstasy of Gold,Ennio Morricone,1967,203227,54.000000,0.134000,0.474000,9,0,0.133000,98.854000,soundtrack,"soundtrack,instrumental,epic,western",INTRUMENTAL,1,25,2.500000,2.500000,top_tracks,6PrKZUXJPmBiobMN44yR8Y
f0HiP8dEZqJXmcnW,65vdMBskhx3akkG9vQlSH1,And I Love Her,The Beatles,1964,149693,63.000000,0.767000,0.331000,1,0,0.636000,113.312000,"classic rock,rock,pop","classic rock,60s,rock,pop,the beatles",en,1,25,2.500000,2.500000,top_tracks,65vdMBskhx3akkG9vQlSH1
f9mg0ghupKNjfeLG,3mlMpmY8oZIBFc39D9zLbh,The Long and Winding Road,The Beatles,1970,218187,59.000000,0.299000,0.329000,3,1,0.392000,132.282000,"classic rock,rock,pop","classic rock,rock,60s,pop,the beatles,british",en,1,25,2.500000,2.500000,top_tracks,3mlMpmY8oZIBFc39D9zLbh
fJJCD6DJfQyDgjyh,4U45aEWtQhrm8A5mxPaFZ7,Vienna,Billy Joel,1977,214240,64.000000,0.532000,0.495000,10,1,0.308000,124.936000,"classic rock,singer-songwriter,pop","classic rock,piano,singer-songwriter,pop,billy joel",en,1,25,2.500000,2.500000,top_tracks,4U45aEWtQhrm8A5mxPaFZ7
fhNjQgeL91zroEEG,0M8Xggmk34Ntg1wY5wd5A3,Why?,Tracy Chapman,1988,126400,42.000000,0.784000,0.550000,11,0,0.799000,109.284000,folk,"folk,female vocalists,alternative folk",en,1,25,2.500000,2.500000,top_tracks,0M8Xggmk34Ntg1wY5wd5A3
gKnKZ0Ax7LFtdo0D,4F1AgKpuFRMLEgtPETVwZk,You've Got to Hide Your Love Away,The Beatles,1965,129120,61.000000,0.398000,0.392000,7,1,0.378000,184.267000,"classic rock,rock,pop","60s,classic rock,rock,the beatles,british,pop",en,1,25,2.500000,2.500000,top_tracks,4F1AgKpuFRMLEgtPETVwZk
gQbivAeNzh1daC1x,4JehYebiI9JE8sR8MisGVb,Halo,Beyoncé,2008,261640,74.000000,0.508000,0.720000,11,0,0.472000,79.983000,"pop,soul,pop","pop,rnb,beyonce,female vocalists,soul,rnb,pop,female vocalists",en,1,25,2.500000,2.500000,top_tracks,2CvOqDpQIMw69cCzWqr5yr
h6ZdpBDUURD99Ofa,7MsL9a98WUHN76Wks49Zeq,Too Late For Lullabies,James Morrison,2015,256040,51.000000,0.620000,0.440000,0,0,0.484000,79.955000,"singer-songwriter,pop,soul","singer-songwriter,pop,british,soul,acoustic",en,1,25,2.500000,2.500000,top_tracks,7MsL9a98WUHN76Wks49Zeq
hSeeghyPuOovg4ED,3SdingSsFcZDZAyvcJbgAw,Can't Buy Me Love,The Beatles,1964,131867,62.000000,0.483000,0.677000,0,1,0.842000,170.720000,"classic rock,rock,pop,classic rock,rock","classic rock,60s,rock,the beatles,pop,classic rock,rock,60s",en,1,25,2.500000,2.500000,top_tracks,3SdingSsFcZDZAyvcJbgAw
i82ar0zt90BSEhdS,5Qawpf7n2qDIcTaBDK67Sb,Cassandra,ABBA,1981,292280,31.000000,0.401000,0.351000,0,1,0.380000,160.145000,pop,"pop,80s,abba",en,1,25,2.500000,2.500000,top_tracks,5Qawpf7n2qDIcTaBDK67Sb
iB4aqqnGw5d3hmq2,6TvxPS4fj4LUdjw2es4g21,The Visitors,ABBA,1981,233720,55.000000,0.470000,0.265000,5,1,0.357000,137.398000,pop,"pop,80s,abba,euro-pop",en,2,87,8.750000,6.250000,top_tracks,4lC9s3vwDa16w2G33KfF9C|6TvxPS4fj4LUdjw2es4g21
idAM9CbU70mtINrG,5SUlhldQJtOhUr2GzH5RI7,Nowhere Man - Remastered 2009,The Beatles,1965,163693,60.000000,0.534000,0.624000,4,1,0.687000,121.402000,"classic rock,rock","classic rock,rock,desperado,battle of evermore,giraffe rock,toucan sam",en,1,25,2.500000,2.500000,top_tracks,5SUlhldQJtOhUr2GzH5RI7
iglBkItdGVz3tOAG,3BQHpFgAp4l80e1XslIjNI,Help! - Remastered 2009,The Beatles,1965,125667,75.000000,0.332000,0.179000,5,1,0.315000,96.529000,"classic rock,rock,pop,classic rock,rock","classic rock,rock,british,60s,pop,classic rock,rock,60s",en,2,50,5.000000,2.500000,top_tracks,3BQHpFgAp4l80e1XslIjNI|7DD7eSuYSC5xk2ArU62esN
ihJzcgC098p5jeUR,4dkoqJrP0L8FXftrMZongF,Across the Universe - Remastered,The Beatles,1970,228133,63.000000,0.257000,0.412000,1,1,0.858000,152.126000,psychedelic folk,"psychedelic folk,psychedelic peppermint",en,1,25,2.500000,2.500000,top_tracks,4dkoqJrP0L8FXftrMZongF
jINYnPgqIQJ6mmMl,1IHEefbRdL7VkscggnoPaM,When All Is Said and Done,ABBA,1981,199867,37.000000,0.725000,0.666000,2,1,0.709000,126.132000,pop,"pop,abba,80s",en,1,25,2.500000,2.500000,top_tracks,43T696K5X1s1mtxIuuUvvz
jSx0se2IcyE1i8by,68BTFws92cRztMS1oQ7Ewj,All You Need Is Love - Remastered 2009,The Beatles,1967,230387,63.000000,0.400000,0.480000,7,1,0.653000,103.436000,rock,"rock,hippie,and god,psychedelic peppermint,sarsaparilla",en,1,25,2.500000,2.500000,top_tracks,68BTFws92cRztMS1oQ7Ewj
jnW0htumn57RO9M1,3PefhAnxRxxxeimzWetwnT,Red Sector A,Rush,1984,309147,38.000000,0.621000,0.814000,9,0,0.505000,114.612000,"progressive rock,rock,classic rock","progressive rock,rock,classic rock,80s",en,1,25,2.500000,2.500000,top_tracks,5YsrGiOhGUGzW89RXrLYGV
jwsubef8YSRz8SAo,2QLQ8R0UbYX5iNNTgmR7V6,Open Secrets,Rush,1987,338333,28.000000,0.535000,0.882000,9,0,0.571000,141.201000,progressive rock,"progressive rock,77davez-all-tracks",en,1,25,2.500000,2.500000,top_tracks,2QLQ8R0UbYX5iNNTgmR7V6
jxaHjCUQsD444nrk,788U1Sqej9M6c4iikuDGxO,I've Just Seen a Face,The Beatles,1965,125040,59.000000,0.647000,0.560000,9,1,0.913000,120.418000,"classic rock,rock","classic rock,60s,british,rock,the beatles,oldies",en,1,25,2.500000,2.500000,top_tracks,788U1Sqej9M6c4iikuDGxO
kISjOqvgqlS11n7f,0qrOEuhMXqAyMMyfOCZ2yC,The Finer Things,Steve Winwood,2010,251200,43.000000,0.780000,0.692000,2,0,0.579000,124.678000,"classic rock,rock","classic rock,80s,steve winwood,rock",en,1,25,2.500000,2.500000,top_tracks,385rLznnaUjxlbQR1oAiU6
kIUFIR4QDKMTWyY3,1Bj6YgjjPbEb4jhQ50T8tJ,Back In The High Life Again,Steve Winwood,1986,335840,55.000000,0.603000,0.503000,2,1,0.647000,168.512000,"classic rock,rock,pop","80s,classic rock,rock,pop,steve winwood",en,1,25,2.500000,2.500000,top_tracks,1Bj6YgjjPbEb4jhQ50T8tJ
kOIoaM8eyUi56jtt,0tp2cUnCAcsR6xL5kw9HKu,Broken Strings,James Morrison,2008,250453,50.000000,0.553000,0.725000,1,1,0.353000,111.916000,"pop,singer-songwriter,rock","pop,singer-songwriter,james morrison,rock,male vocalists,love",en,1,25,2.500000,2.500000,top_tracks,6jBUP2KCe821yqf1hiBqPR
kRaJL2dcpl3iRVtQ,4x8g2OO1JhtmZz6psVAEOH,Steam,Peter Gabriel,1992,363400,29.000000,0.714000,0.726000,3,0,0.729000,108.504000,"progressive rock,rock,pop,classic rock","progressive rock,rock,pop,peter gabriel,classic rock",en,1,25,2.500000,2.500000,top_tracks,2wPTuonKLuHOc3034E7lLY
kWs0fdHRRBQrla8u,5ZBeML7Lf3FMEVviTyvi8l,Please Please Me - Remastered 2009,The Beatles,1963,155227,72.000000,0.482000,0.849000,2,1,0.937000,124.631000,"classic rock,merseybeat","classic rock,merseybeat,raining blood, oldies,be quick or be dead",en,1,25,2.500000,2.500000,top_tracks,6EHuOufBeL6vk3TvVJB5qo
kb7H6FbRLXnCra6z,3cYgOAFB1HAUhC7b7U8viI,Porcelain,Moby,1999,241173,51.000000,0.297000,0.637000,0,0,0.332000,94.730000,"electronic,ambient,electronica","chillout,electronic,ambient,moby,electronica",en,1,25,2.500000,2.500000,top_tracks,6EXi6ZqTITKGtVBKqbphjL
kiTxoyOhsiHSvrUJ,173FQi5O8avUWQt2UFk7Zd,Run Fay Run,Isaac Hayes,2003,166787,48.000000,0.753000,0.908000,0,0,0.963000,118.619000,"funk,soundtrack,soul","funk,soundtrack,soul,instrumental,kill bill",INTRUMENTAL,1,25,2.500000,2.500000,top_tracks,20wsyOBewHFZXJdV75vt9K
kpgL9YkG2TykW9gd,40qXGg5nRbcWzcFb26KWkQ,Misery,The Beatles,1963,108547,47.000000,0.591000,0.605000,0,1,0.882000,133.348000,"classic rock,rock,pop","60s,classic rock,rock,british,the beatles,pop",en,1,25,2.500000,2.500000,top_tracks,40qXGg5nRbcWzcFb26KWkQ
l05MaeKgw6wjJxLs,7oY2906MviwUEFIF3DskB2,Honey,Moby,1999,209493,41.000000,0.824000,0.688000,8,1,0.745000,102.108000,"electronic,electronica","electronic,dance,electronica,alternative",en,1,5,0.500000,0.500000,recently_played,1dcphLLksiA99xOQujqUAa
lw4m9PxzySLxDSl2,5KXTDunEgNVBnuSBDzsm6x,Turn It On Again,Genesis,1980,229333,48.000000,0.546000,0.813000,4,0,0.427000,128.131000,"progressive rock,classic rock,rock","progressive rock,classic rock,rock,80s,genesis",en,1,25,2.500000,2.500000,top_tracks,5KXTDunEgNVBnuSBDzsm6x
meMTxddMEzfnTqD7,6W26h4KbGUnEaav5VWIyJm,The Day Before You Came,ABBA,1981,349080,45.000000,0.809000,0.399000,0,0,0.722000,108.078000,pop,"pop,80s,abba,swedish",en,1,25,2.500000,2.500000,top_tracks,6W26h4KbGUnEaav5VWIyJm
mhen6zCPqULPXTed,6OKUhXuJMvoVPde9fMJJzy,Solitude Standing,Suzanne Vega,1987,129107,43.000000,0.712000,0.167000,1,0,0.376000,96.637000,"folk,pop,singer-songwriter","female vocalists,suzanne vega,folk,pop,singer-songwriter",en,1,25,2.500000,2.500000,top_tracks,6OKUhXuJMvoVPde9fMJJzy
mi8js8zk212SNqLa,5J2CHimS7dWYMImCHkEFaJ,A Hard Day's Night - Remastered,The Beatles,1964,154200,66.000000,0.590000,0.805000,0,1,0.797000,138.514000,"classic rock,rock,pop","classic rock,rock,british,60s,pop",en,1,25,2.500000,2.500000,top_tracks,5J2CHimS7dWYMImCHkEFaJ
nJamJt72j4tlle1g,48oT10cTda4pZUlYfqxlPR,Classical Gas,Mason Williams,2005,184067,40.000000,0.474000,0.722000,9,0,0.713000,155.516000,classic rock,"instrumental,guitar,classic rock,acoustic,guitar virtuoso",INTRUMENTAL,1,25,2.500000,2.500000,top_tracks,4DK3JpX2NkEMhCnltUEvUg
nM7CF8cIbWP2xY67,1qRA5BS78u3gME0loMl9AA,For What It's Worth,Buffalo Springfield,1966,153693,72.000000,0.653000,0.519000,2,1,0.822000,98.883000,"classic rock,folk rock,rock,folk","classic rock,60s,folk rock,rock,folk",en,1,25,2.500000,2.500000,top_tracks,1qRA5BS78u3gME0loMl9AA
nhe8AL94tqlw7X7b,7Msq9qojB7yORuJvz49iUy,P.S. I Love You - Remastered 2009,The Beatles,1963,124360,47.000000,0.635000,0.656000,2,1,0.770000,134.435000,rock,"rock,60s,insomniac,lateralus,thebeatles,man in the box",en,1,25,2.500000,2.500000,top_tracks,7Msq9qojB7yORuJvz49iUy
nrJdjUOX50wfkdDX,3Am0IbOxmvlSXro7N5iSfZ,Magical Mystery Tour,The Beatles,1967,247320,66.000000,0.390000,0.502000,10,1,0.289000,97.871000,"classic rock,rock,psychedelic rock","60s,classic rock,rock,psychedelic,the beatles,psychedelic rock",en,1,25,2.500000,2.500000,top_tracks,3Am0IbOxmvlSXro7N5iSfZ
nwFf2NmOZwlcjrfr,7wBf5LhqfF6A9AVHILTJWi,If Not Now...,Tracy Chapman,1988,181267,42.000000,0.799000,0.274000,7,1,0.530000,108.926000,folk,"female vocalists,folk,alternative folk,80s",en,1,25,2.500000,2.500000,top_tracks,7wBf5LhqfF6A9AVHILTJWi
ny24slisveRoUbHG,7JxGM1R32ZqfwZou3VtnTg,Boys,The Beatles,1963,146440,46.000000,0.402000,0.860000,4,1,0.822000,142.445000,"classic rock,rock,pop","60s,classic rock,rock,british,pop,the beatles",en,1,25,2.500000,2.500000,top_tracks,7JxGM1R32ZqfwZou3VtnTg
oDaxi00bIoYlesLx,1dxbAIfCASqv6jix2R1Taj,Your Mother Should Know,The Beatles,1967,148413,51.000000,0.698000,0.293000,0,1,0.724000,117.613000,"classic rock,pop,rock","60s,classic rock,pop,rock,the beatles,british",en,1,25,2.500000,2.500000,top_tracks,1dxbAIfCASqv6jix2R1Taj
oFJO85A0ZhnelznP,7CIoJE0JfVFcmmUY3fFojH,Hungarian Rhapsody No. 2,Franz Liszt,1930,541600,44.000000,0.349000,0.326000,1,1,0.168000,80.233000,classical,"classical,liszt,romantic,instrumental",INTRUMENTAL,1,25,2.500000,2.500000,top_tracks,7CIoJE0JfVFcmmUY3fFojH
ovL1QVHmIMQnjULe,06ypiqmILMdVeaiErMFA91,Drive My Car - remastered,The Beatles,1965,148893,62.000000,0.754000,0.571000,2,1,0.820000,122.463000,rock,"rock,60s,60s rock",en,1,25,2.500000,2.500000,top_tracks,06ypiqmILMdVeaiErMFA91
ovqSpdUbgFRRGdyi,0EaLRxrtnq7Mqhdf8q9txr,Run Like Hell,Pink Floyd,1979,263573,55.000000,0.716000,0.499000,9,1,0.420000,116.974000,"progressive rock,classic rock,rock,psychedelic rock","progressive rock,classic rock,rock,psychedelic rock",en,1,25,2.500000,2.500000,top_tracks,0EaLRxrtnq7Mqhdf8q9txr
p7A20RSXaA6h4DNY,1gFNm7cXfG1vSMcxPpSxec,"Ob-La-Di, Ob-La-Da",The Beatles,1968,188960,64.000000,0.818000,0.728000,10,1,0.975000,113.059000,"classic rock,rock,pop","classic rock,60s,rock,british,pop,the beatles",en,1,25,2.500000,2.500000,top_tracks,1gFNm7cXfG1vSMcxPpSxec
p9Tw7i7fN4LeGSBR,4QNpBfC0zvjKqPJcyqBy9W,Give Me Everything,Pitbull,2011,252307,74.000000,0.671000,0.939000,8,1,0.529000,129.023000,pop,"dance,pop,ne-yo,2011",en,1,25,2.500000,2.500000,top_tracks,4QNpBfC0zvjKqPJcyqBy9W
pKa8r2L0a8LJ1I2K,7EfHlhxyYJ5pfh0H34j7oe,Wonderful World,James Morrison,2006,209787,38.000000,0.489000,0.702000,1,1,0.644000,78.995000,"pop,singer-songwriter,soul","pop,singer-songwriter,james morrison,soul,british",en,1,25,2.500000,2.500000,top_tracks,2W2mN3qRAvF172TlNdr71e
q1pYqQ7pabjiPLiK,7KWoeBqSdZHEloYKVxssfG,In the Ghetto,Elvis Presley,1969,167413,57.000000,0.404000,0.266000,10,1,0.491000,88.916000,"classic rock,rock","60s,oldies,classic rock,elvis,rock",en,1,25,2.500000,2.500000,top_tracks,7KWoeBqSdZHEloYKVxssfG
q6eGnEvANi2I0NEp,3evG0BIqEFMMP7lVJh1cSf,Don't Let Me Down - Remastered 2009,The Beatles,1973,215733,63.000000,0.593000,0.289000,4,1,0.733000,77.119000,"classic rock,rock,pop","classic rock,rock,60s,british,pop",en,1,25,2.500000,2.500000,top_tracks,3evG0BIqEFMMP7lVJh1cSf
qAKGvFq9liu9CBNq,4gphxUgq0JSFv2BCLhNDiE,Jailhouse Rock,Elvis Presley,1958,146480,69.000000,0.647000,0.582000,10,0,0.915000,167.396000,"classic rock,rock","rock n roll,classic rock,oldies,rock and roll,rock",en,1,25,2.500000,2.500000,top_tracks,452KBpASS5lZLeJWX9Ixub
qhZKUL9jq5qIYlE2,1JSIWsJfxOji0FrxFcxdCK,"The Good, The Bad and The Ugly - Main Title",Ennio Morricone,1967,162133,52.000000,0.304000,0.657000,0,1,0.102000,120.338000,soundtrack,"soundtrack,instrumental",INTRUMENTAL,1,25,2.500000,2.500000,top_tracks,1JSIWsJfxOji0FrxFcxdCK
qiptUsLxxafOMF2P,1GEOSS415bZVHNuXWlCT6b,Mother,Pink Floyd,1979,334893,59.000000,0.578000,0.150000,7,1,0.121000,135.331000,"progressive rock,classic rock,rock,psychedelic rock,progressive rock,psychedelic rock,classic rock","progressive rock,classic rock,rock,psychedelic rock,pink floyd,progressive rock,psychedelic rock,classic rock",en,1,25,2.500000,2.500000,top_tracks,1GEOSS415bZVHNuXWlCT6b
ql0ehFkXrSeNq2gU,3wowK80ug94yqlI86A9Ej9,Happiness Is Easy - 1997 Remaster,Talk Talk,1986,390693,47.000000,0.699000,0.407000,5,0,0.922000,106.948000,"new wave,post-rock,new wave,post-rock","new wave,post-rock,80s,synth pop,new wave,post-rock,80s",en,1,25,2.500000,2.500000,top_tracks,3wowK80ug94yqlI86A9Ej9
rI5G12llOXXzgocS,21VSSsSwr0oTNJQtILJbdK,The Whispering Wind,Moby,1999,362667,35.000000,0.797000,0.297000,9,0,0.232000,92.002000,"ambient,easy listening,electronic,ambient","ambient,chillout,easy listening,electronic,ambient,chillout",en,1,5,0.500000,0.500000,recently_played,08hBmJsQarUreIlbhT1GJ0
rKhKGhLTw5HRbpZ7,4kflIGfjdZJW4ot2ioixTB,Someone Like You,Adele,2011,285040,74.000000,0.559000,0.330000,9,1,0.285000,135.109000,"soul,pop","soul,adele,piano,british,female vocals,pop",en,1,25,2.500000,2.500000,top_tracks,5lkpeJwmQKgY3bX2zChjxX
rSZ71tsqQD5GsgSN,1Jj6MF0xDOMA3Ut2Z368Bx,Time After Time,Cyndi Lauper,2014,243067,69.000000,0.724000,0.436000,0,1,0.324000,130.439000,pop,"80s,pop,female vocalists,cyndi lauper",en,1,25,2.500000,2.500000,top_tracks,7o9uu2GDtVDr9nsR7ZRN73
rcOwnwKuHxrByrNx,1HmwvKA2TLUh5QlY7QGLzt,You Owe Me One,ABBA,1981,210413,27.000000,0.882000,0.905000,9,1,0.967000,124.685000,pop,"pop,80s,abba,1982",en,1,25,2.500000,2.500000,top_tracks,1HmwvKA2TLUh5QlY7QGLzt
sHQ4NOxkSvefPKL8,2EqlS6tkEnglzr7tkKAAYD,Come Together (Remastered 2009),The Beatles,1969,259947,75.000000,0.533000,0.376000,9,0,0.187000,165.007000,"classic rock,rock,pop,classic rock,rock","classic rock,rock,british,60s,pop,classic rock,rock,60s",en,1,25,2.500000,2.500000,top_tracks,2EqlS6tkEnglzr7tkKAAYD
sUzn7GZix4mpeUK4,3jR8Xw0qPyGGv8bvFtNmDw,Getting Better,The Beatles,1967,167013,52.000000,0.591000,0.551000,0,1,0.810000,121.949000,"classic rock,rock,pop","classic rock,rock,60s,british,pop,the beatles",en,1,29,2.941176,2.941176,top_tracks,3jR8Xw0qPyGGv8bvFtNmDw
sW2G2sUK5IhR6srj,61dYvvfIRtIDFuqZypPAta,"Cello Suite No. 1 in G Major, BWV 1007: I. Prélude",Johann Sebastian Bach,1983,151480,58.000000,0.257000,0.109000,7,1,0.307000,75.020000,"classical,baroque","classical,baroque,instrumental,german",INTRUMENTAL,1,25,2.500000,2.500000,top_tracks,17i5jLpzndlQhbS4SrTd0B
t79ZBHGAN1A2NbOg,6QRQd3I52HHXy59OWAqKNa,The Enemy Within,Rush,1984,274507,30.000000,0.583000,0.928000,11,0,0.652000,142.859000,"progressive rock,rock,classic rock,hard rock","progressive rock,rock,classic rock,hard rock",en,1,25,2.500000,2.500000,top_tracks,5aBPCuLgtWxOt53xcMZVKW
tSBoahjUECeByewg,6JRLFiX9NJSoRRKxowlBYr,Kaya,Bob Marley & The Wailers,1978,232200,73.000000,0.776000,0.559000,6,0,0.758000,122.242000,"reggae,roots reggae","reggae,bob marley,roots reggae",en,1,25,2.500000,2.500000,top_tracks,6JRLFiX9NJSoRRKxowlBYr
tXrpzpClM4wLWosU,2baEFuU0gQon0hgVRioI1o,Anna (Go to Him),The Beatles,1963,177133,57.000000,0.608000,0.565000,2,1,0.835000,109.286000,"classic rock,rock,classic rock,rock","60s,classic rock,rock,british,the beatles,classic rock,rock,60s",en,1,25,2.500000,2.500000,top_tracks,2baEFuU0gQon0hgVRioI1o
teHrRVv3boBd5myT,2de98HzQLgj4mN9X68IjAu,Wonderous Stories,Yes,1977,229160,34.000000,0.382000,0.605000,4,1,0.147000,141.065000,"progressive rock,rock,classic rock","progressive rock,rock,classic rock,yes",en,1,25,2.500000,2.500000,top_tracks,2de98HzQLgj4mN9X68IjAu
tuA9OQatzhlFyO8d,3FCto7hnn1shUyZL42YgfO,Piano Man,Billy Joel,2001,336093,68.000000,0.334000,0.472000,0,1,0.431000,179.167000,"classic rock,singer-songwriter,rock","classic rock,piano,singer-songwriter,billy joel,rock",en,1,25,2.500000,2.500000,top_tracks,70C4NyhjD5OZUMzvWZ3njJ
twTZiJnIkFnPHEF7,5GjPQ0eI7AgmOnADn1EO6Q,Eleanor Rigby - Remastered,The Beatles,1966,126533,66.000000,0.581000,0.280000,4,0,0.813000,137.831000,baroque pop,"baroque pop,names of people,psychedelic peppermint",en,1,25,2.500000,2.500000,top_tracks,5GjPQ0eI7AgmOnADn1EO6Q
u0eiYoYYMGrIcAEG,2HyPrPSANTIPkR6CfiytwY,Dream a Little Dream of Me,Doris Day,1957,223373,49.000000,0.386000,0.125000,0,1,0.254000,147.721000,jazz,"female vocalists,oldies,romantic,jazz,50s",en,1,25,2.500000,2.500000,top_tracks,2HyPrPSANTIPkR6CfiytwY
u37Ou4VTCKu3G8M9,0j3p1p06deJ7f9xmJ9yG22,Back In The U.S.S.R. - Remastered,The Beatles,1968,163453,59.000000,0.480000,0.969000,9,1,0.494000,142.489000,hard rock,"hard rock,rock and roll,peter steele,type o negative,pop peppermint,psychedelic peppermint",en,1,25,2.500000,2.500000,top_tracks,0j3p1p06deJ7f9xmJ9yG22
u7B64d0Vtw9LSy7s,1Dg4dFJr3HW7sbA7vPejre,Eight Days a Week,The Beatles,1964,163600,62.000000,0.652000,0.583000,9,1,0.744000,138.134000,"rock,classic rock,pop","rock,classic rock,60s,pop,british,the beatles",en,1,25,2.500000,2.500000,top_tracks,1Dg4dFJr3HW7sbA7vPejre
uj7iH69jmruknJ9V,49MHCPzvMLXhRjDantBMVH,Just The Way You Are,Billy Joel,1977,290573,64.000000,0.589000,0.453000,7,1,0.513000,139.148000,"pop,singer-songwriter,rock,classic rock,rock,singer-songwriter","70s,pop,singer-songwriter,rock,romantic,classic rock,rock,singer-songwriter",en,1,25,2.500000,2.500000,top_tracks,49MHCPzvMLXhRjDantBMVH
ulMPRuWan46llLA0,7xxZUTxxlkiFEMzL6lYXtF,Cygnus X-1,Rush,1978,1088067,35.000000,0.368000,0.642000,2,1,0.199000,133.205000,"progressive rock,hard rock,classic rock","progressive rock,hard rock,classic rock,rush",en,1,25,2.500000,2.500000,top_tracks,7xxZUTxxlkiFEMzL6lYXtF
umwmt9WBlxEWLrE7,4gMgiXfqyzZLMhsksGmbQV,"Another Brick in the Wall, Pt. 2",Pink Floyd,1979,238747,73.000000,0.694000,0.394000,0,1,0.719000,104.126000,"classic rock,progressive rock,rock,psychedelic rock,space rock","classic rock,progressive rock,rock,psychedelic rock,pink floyd,space rock",en,1,25,2.500000,2.500000,top_tracks,4gMgiXfqyzZLMhsksGmbQV
v8APALdGAhTc4hdo,5XMJBKj01EU7asjQCAlYhu,A Wink and a Smile,"Harry Connick, Jr.",1993,166360,49.000000,0.734000,0.203000,7,1,0.519000,112.166000,"jazz,swing,easy listening,soundtrack","jazz,swing,easy listening,soundtrack,harry conninck jr a wink and a smile",en,1,25,2.500000,2.500000,top_tracks,5XMJBKj01EU7asjQCAlYhu
vh5gcly9V14bYFlF,7gMOe0gXYcELUoVugfMmHP,You May Be Right,Billy Joel,1980,253200,54.000000,0.567000,0.945000,9,1,0.961000,150.792000,"classic rock,rock,pop,singer-songwriter","classic rock,rock,80s,pop,singer-songwriter,billy joel",en,1,25,2.500000,2.500000,top_tracks,7gMOe0gXYcELUoVugfMmHP
w0lG1tWinVrGp5xK,1EIvjDvoKjwhokJsigvleb,Always On My Mind,Elvis Presley,2016,217747,58.000000,0.290000,0.593000,7,1,0.275000,89.521000,"classic rock,rock","oldies,elvis presley,classic rock,rock n roll,rock",en,1,25,2.500000,2.500000,top_tracks,1B5Tp2Ml9nLlmTSJx8xVfI
wLsNwj3xRaEkb36J,7CZiDzGVjUssMSOXrDNYHL,Ticket to Ride,The Beatles,1965,189680,63.000000,0.519000,0.850000,9,1,0.749000,123.419000,"classic rock,rock,pop","60s,classic rock,rock,the beatles,pop,british",en,1,25,2.500000,2.500000,top_tracks,7CZiDzGVjUssMSOXrDNYHL
wWr87YN3j07FWo5d,34E0Higz6fFVXlbVsn6TIW,Honesty,Billy Joel,1978,233507,51.000000,0.552000,0.265000,10,1,0.212000,135.476000,"pop,classic rock,rock","70s,pop,piano,classic rock,rock,billy joel",en,1,25,2.500000,2.500000,top_tracks,34E0Higz6fFVXlbVsn6TIW
wYdW8jGnrLfB8PhF,7pKfPomDEeI4TPT6EOYjn9,Imagine,John Lennon,1971,187867,74.000000,0.547000,0.257000,0,1,0.169000,75.752000,"classic rock,rock,classic rock,rock,singer-songwriter","classic rock,70s,john lennon,rock,british,classic rock,rock,singer-songwriter",en,1,25,2.500000,2.500000,top_tracks,7pKfPomDEeI4TPT6EOYjn9
wYoJBT9Lg1bBf8Nd,4Mn98rZNPGUNvl6aQBLnve,One Of These Mornings,Moby,2002,192693,36.000000,0.438000,0.457000,11,0,0.050400,91.725000,"electronic,ambient,electronica","electronic,chillout,ambient,electronica",en,1,5,0.500000,0.500000,recently_played,2UoxRLlTWbVnH1xvXOKfrE
wi20guqqLvHXZvTu,2JhIaeltCDCcp02K936tgx,Change,Tears for Fears,1983,254867,48.000000,0.620000,0.797000,9,0,0.805000,125.277000,"new wave,pop,synthpop","80s,new wave,pop,synthpop",en,1,25,2.500000,2.500000,top_tracks,2JhIaeltCDCcp02K936tgx
wpyLLsDEjbhFrTRt,1V15l05snHYHYVxerjMFGo,King of Pain,The Police,1983,299040,54.000000,0.518000,0.725000,2,1,0.646000,124.151000,"rock,new wave,classic rock","rock,80s,new wave,classic rock,the police",en,1,25,2.500000,2.500000,top_tracks,1V15l05snHYHYVxerjMFGo
wynbXLf0gt4hfRby,4AE032Y0x1WPOi5CsmggnU,Maple Leaf Rag,Scott Joplin,2004,189907,37.000000,0.406000,0.226000,8,1,0.937000,116.267000,"ragtime,jazz","ragtime,piano,jazz,instrumental",INTRUMENTAL,1,25,2.500000,2.500000,top_tracks,4AE032Y0x1WPOi5CsmggnU
wzBQapgHuYmDanR9,4joiWvli4qJVEW6qZV2i2J,All My Loving,The Beatles,1963,127853,63.000000,0.416000,0.563000,1,0,0.900000,77.560000,"classic rock,rock,pop","60s,classic rock,rock,the beatles,pop,british",en,1,25,2.500000,2.500000,top_tracks,4joiWvli4qJVEW6qZV2i2J
x0NWP5jCon9IHrG0,4g5LUzHFRr4Zlok8KzERmI,Chiquitita,ABBA,1979,327040,53.000000,0.526000,0.555000,9,1,0.380000,84.088000,"pop,disco","pop,70s,abba,disco",en,1,25,2.500000,2.500000,top_tracks,762B4bOcXF7I2Y8UlKTyTy
x2AFbVbFJ8Na3lQg,6J212smZzpeOCYQ9DITMSC,A Matter Of Trust,Billy Joel,1986,248747,48.000000,0.738000,0.662000,2,1,0.880000,110.304000,"rock,classic rock,singer-songwriter,pop","rock,classic rock,singer-songwriter,80s,pop",en,1,25,2.500000,2.500000,top_tracks,6J212smZzpeOCYQ9DITMSC
xT64RcWqBTj2zDCC,3MODES4TNtygekLl146Dxd,Ramble On,Led Zeppelin,1969,263333,67.000000,0.468000,0.607000,9,1,0.886000,98.429000,"classic rock,hard rock,rock","classic rock,hard rock,rock,led zeppelin,70s",en,1,25,2.500000,2.500000,top_tracks,3MODES4TNtygekLl146Dxd
xsAC7LEsEv3vlz4p,0b8ZSXdo7myljIez3A889l,In This World,Moby,2002,242520,37.000000,0.580000,0.702000,4,1,0.262000,104.970000,"electronic,ambient,electronica","electronic,chillout,ambient,moby,electronica",en,1,5,0.500000,0.500000,recently_played,7uCnDfUGb0vtjonHaSv6ka
y8AxY885GUWQuyCR,5ZBeML7Lf3FMEVviTyvi8l,Twist and Shout,The Beatles,1963,155227,72.000000,0.482000,0.849000,2,1,0.937000,124.631000,"classic rock,rock","classic rock,60s,rock,british,the beatles,cover",en,1,25,2.500000,2.500000,top_tracks,5ZBeML7Lf3FMEVviTyvi8l
y8D6klsSSV37sR3E,1PHBBJNH4WFuDBlAuVKWMA,Have Mercy On The Criminal,Elton John,1973,357733,30.000000,0.466000,0.520000,0,0,0.552000,116.023000,pop,"pop,70s",en,1,25,2.500000,2.500000,top_tracks,1PHBBJNH4WFuDBlAuVKWMA
yWRhfm4JZ4VqIuS8,5zA8vzDGqPl2AzZkEYQGKh,Uptown Girl,Billy Joel,1983,197707,75.000000,0.701000,0.943000,4,1,0.791000,128.992000,"pop,classic rock,rock,singer-songwriter","80s,pop,classic rock,rock,singer-songwriter",en,1,25,2.500000,2.500000,top_tracks,5zA8vzDGqPl2AzZkEYQGKh
yiNlhVBKm5rEIWXf,4w1lzcaoZ1IC2K5TwjalRP,A Thousand Miles,Vanessa Carlton,2002,237493,74.000000,0.560000,0.825000,11,1,0.268000,94.931000,"pop,singer-songwriter","pop,female vocalists,piano,singer-songwriter,vanessa carlton",en,1,25,2.500000,2.500000,top_tracks,4w1lzcaoZ1IC2K5TwjalRP
yqNY16s5yT0amiRZ,0BCPKOYdS2jbQ8iyB56Zns,Clocks,Coldplay,2002,307880,72.000000,0.577000,0.749000,5,0,0.261000,130.969000,"rock,alternative rock,britpop","rock,alternative,coldplay,alternative rock,britpop,british",en,1,25,2.500000,2.500000,top_tracks,0BCPKOYdS2jbQ8iyB56Zns
z6cWTXD9qNglPS4w,1JLn8RhQzHz3qDqsChcmBl,I Want to Know What Love Is,Foreigner,1984,304787,74.000000,0.477000,0.471000,6,1,0.423000,81.204000,"classic rock,rock","80s,classic rock,rock,foreigner,love",en,1,25,2.500000,2.500000,top_tracks,1JLn8RhQzHz3qDqsChcmBl
zJB6BWFhqkPeY8OA,6TI91Un4sxz3ehEhguwKuc,Soldiers,ABBA,1981,280813,32.000000,0.558000,0.454000,9,1,0.914000,88.861000,pop,"pop,abba",en,1,25,2.500000,2.500000,top_tracks,6TI91Un4sxz3ehEhguwKuc
zMtZubmfy3SOxtgg,1SbsbLsUMnAKWHx1zAV6ER,Light of the Seven,Ramin Djawadi,2016,589095,56.000000,0.273000,0.102000,0,0,0.058300,120.378000,soundtrack,"game of thrones,soundtrack,ost,ramin djawadi",INTRUMENTAL,1,25,2.500000,2.500000,top_tracks,6iLzFJhs4ATwJn7P1utZIJ
zVe3ALTXIuXPDoCc,5cHnoalJPx909Umw8EoroV,The Trees,Rush,1978,285040,44.000000,0.459000,0.714000,2,1,0.334000,135.783000,"progressive rock,classic rock,rock,hard rock","progressive rock,classic rock,rock,hard rock",en,1,25,2.500000,2.500000,top_tracks,5cHnoalJPx909Umw8EoroV
zeGyVR3p3GQ8a7gv,3KiexfmhxHvG5IgAElmTkd,I Saw Her Standing There,The Beatles,1963,173947,68.000000,0.491000,0.801000,4,1,0.971000,160.109000,"classic rock,rock,pop","classic rock,60s,rock,british,the beatles,pop",en,1,25,2.500000,2.500000,top_tracks,3KiexfmhxHvG5IgAElmTkd
zjAaPKwKnysMKLhT,2B4Y9u4ERAFiMo13XPJyGP,"Here, There and Everywhere",The Beatles,1966,144880,57.000000,0.290000,0.247000,7,1,0.360000,165.361000,"classic rock,rock,pop","60s,classic rock,rock,the beatles,pop,british",en,1,25,2.500000,2.500000,top_tracks,2B4Y9u4ERAFiMo13XPJyGP
zp0LFbOG09bow7VL,4JAFyW6oZV6DIADeV619QG,While You See a Chance,Steve Winwood,1980,312773,57.000000,0.602000,0.732000,2,1,0.411000,129.355000,"classic rock,rock,pop","classic rock,80s,steve winwood,rock,pop",en,1,250,25.000000,25.000000,top_tracks,4tFumK7mnlcpNeHCNEQ4wc
zxkjK9m2IBpYzqWl,5wQnmLuC1W7ATsArWACrgW,Romance,My Chemical Romance,2006,311107,73.000000,0.217000,0.905000,2,1,0.236000,96.950000,"emo,rock","instrumental,my chemical romance,emo,rock,punk rock",INTRUMENTAL,1,25,2.500000,2.500000,top_tracks,5wQnmLuC1W7ATsArWACrgW
